IdUsuario,NombreUsuario,SaldoCartera,CorreoElectronico,NumeroCelular
0,Li Wei Sofia Ahmed Rahman,213.09847022081493,Li_Wei_Sofia_Ahmed_Rahman0@yandex.com,+55634031186
1,Antonio Aisha García Lee,17.41756536475505,Antonio_Aisha_García_Lee0@mail.com,+91522646000
2,Mei Ling Natalya Santos Schmidt,13.272146702871115,Mei_Ling_Natalya_Santos_Schmidt0@hotmail.com,+27050984114
3,Ayana Lucia Lee Nguyen,19.109747389236816,Ayana_Lucia_Lee_Nguyen0@yahoo.com,+49308229768
4,Natalia González Wojciechowski,4.456226322101216,Natalia_González_Wojciechowski0@gmx.com,+7658854836
5,Natalya Tariq Rahman,16.22550270794315,Natalya_Tariq_Rahman0@aol.com,+358548926023
6,Isabella Yuki Ono Fernandez,7.169701947652463,Isabella_Yuki_Ono_Fernandez0@protonmail.com,+49284043715
7,Natalya Silva,15.558392500312053,Natalya_Silva0@yahoo.com,+84144201003
8,Jin Soo Gisele García Santos,3.89764757604439,Jin_Soo_Gisele_García_Santos0@hotmail.com,+84971237440
9,Gisele Sokolov Alves,17.9490239033262,Gisele_Sokolov_Alves0@zoho.com,+62703514452
10,Lucia Cohen Patel,8.776422689099878,Lucia_Cohen_Patel0@icloud.com,+48778800642
11,Ahmed Natalia Adichie Adichie,4.391742866466142,Ahmed_Natalia_Adichie_Adichie0@me.com,+55514587375
12,Ingrid Costa Papadakis,403.042034892738,Ingrid_Costa_Papadakis0@protonmail.com,+971649302483
13,Sofia García Suleiman,19.58658554685858,Sofia_García_Suleiman0@zoho.com,+44899310059
14,Abdul Yuki O'Reilly Khan,25.806969483533017,Abdul_Yuki_O'Reilly_Khan0@zoho.com,+39994290423
15,Esmeralda López Rodriguez,0.9047948791276283,Esmeralda_López_Rodriguez0@zoho.com,+84958135289
16,Li Wei Kwabena Rahman Petrov,71.40098724671742,Li_Wei_Kwabena_Rahman_Petrov0@live.com,+81921778668
17,María Isabella Costa,5.703597152323351,María_Isabella_Costa0@zoho.com,+7862151789
18,Kwame Kowalski Pérez,16.608459430736488,Kwame_Kowalski_Pérez0@me.com,+82714508742
19,Esmeralda Isabella Brown López,2.09718398726298,Esmeralda_Isabella_Brown_López0@gmail.com,+27365864095
20,Jin Soo Ingrid Yamamoto Schmidt,19.197376478851943,Jin_Soo_Ingrid_Yamamoto_Schmidt0@gmx.com,+44034218758
21,Ahmed Rahman,7.341103193815805,Ahmed_Rahman0@me.com,+52972214198
22,Tariq Malik Müller,24.01764387307427,Tariq_Malik_Müller0@zoho.com,+971739499835
23,Isabella Emeka Abdi López,5.152919195699461,Isabella_Emeka_Abdi_López0@gmail.com,+91404134133
24,Tariq Pérez Kim,27.595230265862273,Tariq_Pérez_Kim0@me.com,+7004656189
25,Sven Malik Chandra Khan,5.165676814665474,Sven_Malik_Chandra_Khan0@aol.com,+27867255989
26,Natalia Jin Soo Al-Mansouri Novak,3.817253608041984,Natalia_Jin_Soo_Al-Mansouri_Novak0@hotmail.com,+44323113151
27,Abdul Ahmed Fernández,17.597616640726407,Abdul_Ahmed_Fernández0@live.com,+44932626221
28,Amir Santos Kim,1.1770477571367763,Amir_Santos_Kim0@mail.com,+82921027631
29,Amir Natalia Lee Rodriguez,666529.6781879218,Amir_Natalia_Lee_Rodriguez0@yandex.com,+33322758221
30,Emeka Costa Ito,385.6929058878119,Emeka_Costa_Ito0@hotmail.com,+62223523816
31,Yasin Pérez,9.707182846811882,Yasin_Pérez0@outlook.com,+44959167857
32,Li Wei Ahmed Nguyen,38.720518547476956,Li_Wei_Ahmed_Nguyen0@icloud.com,+44203040873
33,Antonio Sokolov Patel,14.344325181857648,Antonio_Sokolov_Patel0@yandex.com,+62905212117
34,Ingrid Alves Andersson,5.689284027181259,Ingrid_Alves_Andersson0@yahoo.com,+91590275609
35,Hiroshi Kwame García,1.5953988524464613,Hiroshi_Kwame_García0@mail.com,+39998130958
36,Gisele Chandra,8.210709008651307,Gisele_Chandra0@yahoo.com,+91583364944
37,Yasin Jin Soo García Sánchez,8.942140227680191,Yasin_Jin_Soo_García_Sánchez0@gmail.com,+62192267135
38,Leila Abdi,6201615.436506033,Leila_Abdi0@gmail.com,+82941739405
39,Natalya Jin Soo Schmidt Oliveira,529.305987919444,Natalya_Jin_Soo_Schmidt_Oliveira0@outlook.com,+61482616343
40,Svetlana Kwiatkowski,14.007973508107444,Svetlana_Kwiatkowski0@yandex.com,+62111971593
41,Anwar Novak Ahmed,20.10076710267185,Anwar_Novak_Ahmed0@icloud.com,+966301930784
42,Sven Ekaterina Wojciechowski Nguyen,16115.905682612212,Sven_Ekaterina_Wojciechowski_Nguyen0@live.com,+49986823732
43,Tariq Suleiman García,158.83872977754658,Tariq_Suleiman_García0@icloud.com,+27917336178
44,Abdul Kwame Sánchez,0.9456812037319189,Abdul_Kwame_Sánchez0@live.com,+49787158046
45,Jamal Esmeralda Rossi Smith,12.898877903982495,Jamal_Esmeralda_Rossi_Smith0@yandex.com,+7469270290
46,Emeka Jin Soo Al-Mansouri Cohen,14.38659618271932,Emeka_Jin_Soo_Al-Mansouri_Cohen0@live.com,+91322816449
47,Aisha López,16.583146779593477,Aisha_López0@protonmail.com,+86948916704
48,Esmeralda Gisele Lee Brown,3.2626389385994585,Esmeralda_Gisele_Lee_Brown0@me.com,+52915180392
49,Adjoa Pérez Silva,16.42417632524334,Adjoa_Pérez_Silva0@gmail.com,+52230495911
50,Yasin Jamal García,1.8125696969696996,Yasin_Jamal_García0@yandex.com,+7315016502
51,Fatima Mueller Rossi,5645.583186835586,Fatima_Mueller_Rossi0@live.com,+61630442539
52,Jin Soo Chandra Sokolov,32.218562878446996,Jin_Soo_Chandra_Sokolov0@zoho.com,+1438650247
53,Jin Soo Hiroshi Singh Santos,14.053172098222962,Jin_Soo_Hiroshi_Singh_Santos0@outlook.com,+1715341197
54,Fatima Youssef Bakker González,0.18791150604055673,Fatima_Youssef_Bakker_González0@protonmail.com,+33161279836
55,Katarina Kim Singh,3.336825790617418,Katarina_Kim_Singh0@yandex.com,+27721248656
56,Adjoa Juan Suleiman Wojciechowski,6.608285644761839,Adjoa_Juan_Suleiman_Wojciechowski0@gmail.com,+33589618802
57,Emeka Al-Mansouri,14.79739507042472,Emeka_Al-Mansouri0@zoho.com,+49555126715
58,Abdul Natalya González Adichie,27.99204347245963,Abdul_Natalya_González_Adichie0@gmx.com,+48743557718
59,Katarina Papadakis,4.134131343673973,Katarina_Papadakis0@gmail.com,+61073634050
60,Antonio García Andersson,7.1709731699178665,Antonio_García_Andersson0@aol.com,+49358118757
61,Adjoa Sven García,5.9430126673603,Adjoa_Sven_García0@protonmail.com,+33939724524
62,Ebru Kovács Müller,8.316048217416942,Ebru_Kovács_Müller0@gmail.com,+33629343453
63,María Lee Fernandez,1.2763099926491357,María_Lee_Fernandez0@gmail.com,+82714874271
64,María Patel,12.395358686120684,María_Patel0@zoho.com,+27351612775
65,Lucia Suleiman García,14507913.292709151,Lucia_Suleiman_García0@me.com,+48975407505
66,Jamal Ayana Cohen Rahman,1452.80354490906,Jamal_Ayana_Cohen_Rahman0@icloud.com,+966903189723
67,Leila Dubois González,9.49405440478684,Leila_Dubois_González0@protonmail.com,+1906978713
68,Ebru Kwiatkowski Adichie,17.967562785008052,Ebru_Kwiatkowski_Adichie0@gmx.com,+91778430800
69,Tariq Silva Kim,36.40348985134716,Tariq_Silva_Kim0@aol.com,+81732588291
70,Youssef Tariq Wojciechowski Alves,2.6171925750054594,Youssef_Tariq_Wojciechowski_Alves0@mail.com,+7236611223
71,Leila López Kovács,19.286950934938012,Leila_López_Kovács0@hotmail.com,+61052828456
72,Antonio Natalya Ito,2.4025671037168017,Antonio_Natalya_Ito0@mail.com,+52134765643
73,Gisele Zhang Lee,3.1185204349838926,Gisele_Zhang_Lee0@live.com,+91301964084
74,Youssef Rodriguez Lee,5.942724907848294,Youssef_Rodriguez_Lee0@gmx.com,+39531541124
75,Emeka Ayana Rossi Costa,23263.796870537913,Emeka_Ayana_Rossi_Costa0@icloud.com,+86622324287
76,Malik Isabella Silva Fernandez,8.622564727049166,Malik_Isabella_Silva_Fernandez0@zoho.com,+966818664463
77,Natalya Malik Papadopoulos Cohen,12.466093340144695,Natalya_Malik_Papadopoulos_Cohen0@mail.com,+82497811487
78,Ekaterina Ahmed Brown Lee,12.650819128461428,Ekaterina_Ahmed_Brown_Lee0@yahoo.com,+81035041802
79,Hiroshi Li Wei Andersson Fernandez,12.437848839184664,Hiroshi_Li_Wei_Andersson_Fernandez0@icloud.com,+39137368304
80,Ahmed Sokolov,12.123125200982816,Ahmed_Sokolov0@mail.com,+971874670625
81,Ahmed Patel Bakker,24.771539117083684,Ahmed_Patel_Bakker0@yandex.com,+33515994051
82,Natalya Ahmed Sokolov Santos,18.7606260806625,Natalya_Ahmed_Sokolov_Santos0@yahoo.com,+86830866771
83,Yuki García López,22.77743456811514,Yuki_García_López0@yandex.com,+49151548145
84,Svetlana Rodriguez Singh,16.248156431040986,Svetlana_Rodriguez_Singh0@outlook.com,+966563246475
85,Jin Soo Jin Soo Patel Dubois,1.7367899993724762,Jin_Soo_Jin_Soo_Patel_Dubois0@me.com,+1436727891
86,Li Wei Ingrid Rahman Yamamoto,130.36324115135193,Li_Wei_Ingrid_Rahman_Yamamoto0@hotmail.com,+27916988350
87,Ekaterina Zhang Kim,4.8351969115114635,Ekaterina_Zhang_Kim0@gmx.com,+86513727844
88,Yasin Patel,983.8831796975504,Yasin_Patel0@outlook.com,+358160277884
89,Esmeralda Natalia Müller Suleiman,1.8794229397532511,Esmeralda_Natalia_Müller_Suleiman0@me.com,+91400871890
90,Yuki Li Wei Ono,2670.3866973327295,Yuki_Li_Wei_Ono0@yahoo.com,+82886242823
91,Fatima Svetlana Fernandez Papadopoulos,1.6386114246642194,Fatima_Svetlana_Fernandez_Papadopoulos0@yahoo.com,+49616703576
92,Kwabena Kovács Ali,45.32265645273441,Kwabena_Kovács_Ali0@yandex.com,+84706653721
93,Anwar Youssef González Kovács,10.927838440627049,Anwar_Youssef_González_Kovács0@hotmail.com,+971588668213
94,Svetlana Patel Patel,8.890153460185031,Svetlana_Patel_Patel0@me.com,+84917989215
95,Natalia Sánchez Singh,23.03928018353485,Natalia_Sánchez_Singh0@gmx.com,+91051484852
96,Leila Ebru Santos Khan,2.427040644786704,Leila_Ebru_Santos_Khan0@aol.com,+82866234188
97,Jin Soo Abadi Rahman,5.5051966649465065,Jin_Soo_Abadi_Rahman0@protonmail.com,+62892511661
98,Natalya Ali,22.372545969095384,Natalya_Ali0@gmx.com,+81992535417
99,Yuki Svetlana Oliveira Adichie,1.6057055850350999,Yuki_Svetlana_Oliveira_Adichie0@icloud.com,+971991000599
100,Sofia Leila Patel Fernández,13.771949232472885,Sofia_Leila_Patel_Fernández0@aol.com,+81555947763
101,Yasin Ahmed Novak,17.418784977712452,Yasin_Ahmed_Novak0@mail.com,+44847801881
102,Katarina Gómez Sokolov,578.9725972545524,Katarina_Gómez_Sokolov0@gmx.com,+86947289038
103,Ebru Yasin Kowalski,22.576188827726202,Ebru_Yasin_Kowalski0@mail.com,+81959281118
104,Isabella Ito Alves,16.06226127794116,Isabella_Ito_Alves0@mail.com,+966749530566
105,Aisha Ahmed Lewis Ito,21.761485228297136,Aisha_Ahmed_Lewis_Ito0@icloud.com,+7322471120
106,Jin Soo Kwiatkowski Pérez,12.692113728683871,Jin_Soo_Kwiatkowski_Pérez0@aol.com,+61192894197
107,Ebru Li Wei Müller Zhang,16.142175979335487,Ebru_Li_Wei_Müller_Zhang0@live.com,+49502075297
108,Jin Soo Fernandez Rodriguez,22.0913482990414,Jin_Soo_Fernandez_Rodriguez0@protonmail.com,+358976110822
109,Kwame Wojciechowski,6.253564759861778,Kwame_Wojciechowski0@aol.com,+7698715629
110,Adjoa Costa,579.602862617104,Adjoa_Costa0@aol.com,+971107269008
111,Gisele Amir Ito Lee,38.615554002872834,Gisele_Amir_Ito_Lee0@yandex.com,+55098056992
112,Adjoa Mueller Ali,13.365592192710947,Adjoa_Mueller_Ali0@yandex.com,+44520140804
113,Isabella Rahman Ito,22.984762619366357,Isabella_Rahman_Ito0@hotmail.com,+971353427267
114,Adjoa Li Wei Papadakis Bakker,946.9686189523051,Adjoa_Li_Wei_Papadakis_Bakker0@live.com,+33055825627
115,Hiroshi Ayana Dubois Zhang,36.8645445918949,Hiroshi_Ayana_Dubois_Zhang0@zoho.com,+91550694834
116,Ebru Jamal Papadopoulos,9.98940093266182,Ebru_Jamal_Papadopoulos0@aol.com,+27979640521
117,Mohammed Juan Dubois Adichie,2.3991136268228423,Mohammed_Juan_Dubois_Adichie0@yahoo.com,+84866786417
118,Anwar Alves,2247.523068588399,Anwar_Alves0@icloud.com,+44257070120
119,Jamal Patel Chen,4.0929426517132015,Jamal_Patel_Chen0@protonmail.com,+91948302713
120,Ayana Aisha Zhang,19.775543237699345,Ayana_Aisha_Zhang0@gmx.com,+52064343958
121,Isabella Hiroshi Suleiman Smith,0.2845753293876925,Isabella_Hiroshi_Suleiman_Smith0@mail.com,+81100089589
122,Hiroshi Müller Nkosi,17.164659610834605,Hiroshi_Müller_Nkosi0@mail.com,+48233807295
123,Amir Lee Suleiman,14.959192179870499,Amir_Lee_Suleiman0@mail.com,+48229070693
124,Natalia Yuki Mueller Lee,221415.1655379534,Natalia_Yuki_Mueller_Lee0@aol.com,+358759711922
125,Yuki Malik Chen Ivanov,0.1548774396103667,Yuki_Malik_Chen_Ivanov0@icloud.com,+971642366089
126,Youssef Ahmed Ono,9.053582565090778,Youssef_Ahmed_Ono0@zoho.com,+44733421936
127,Esmeralda Kwiatkowski García,24.40788840150408,Esmeralda_Kwiatkowski_García0@protonmail.com,+966656729648
128,Emeka Kwame Kim,19.433893705883456,Emeka_Kwame_Kim0@icloud.com,+82637814984
129,Yasin Rahman Müller,10.47789442856056,Yasin_Rahman_Müller0@live.com,+966195780714
130,María Ono Gómez,4.162430571501883,María_Ono_Gómez0@protonmail.com,+358162479879
131,Hiroshi García Chen,14.438978901475444,Hiroshi_García_Chen0@live.com,+52898784023
132,Ebru María Zhang Bakker,21.805041949931006,Ebru_María_Zhang_Bakker0@outlook.com,+62691023982
133,Esmeralda Aisha Ahmed,181.24554983729658,Esmeralda_Aisha_Ahmed0@icloud.com,+61719731561
134,Tariq Ekaterina Yamamoto,1.7273563506052838,Tariq_Ekaterina_Yamamoto0@outlook.com,+55204393960
135,Jin Soo Yasin Smith,12.368703574089096,Jin_Soo_Yasin_Smith0@outlook.com,+33197745383
136,Ahmed Fatima Mueller García,6.388659357974497,Ahmed_Fatima_Mueller_García0@yandex.com,+33119576962
137,Yasin Kwabena Fernández,0.12237626428687243,Yasin_Kwabena_Fernández0@live.com,+81041118632
138,Kwabena Lee Kowalski,21.50859255989984,Kwabena_Lee_Kowalski0@live.com,+84284658456
139,Gisele Ali Papadopoulos,12.26704140317858,Gisele_Ali_Papadopoulos0@protonmail.com,+49702251104
140,Fatima Kwame Rodriguez Fernández,4.9872958539513235,Fatima_Kwame_Rodriguez_Fernández0@yahoo.com,+39212010868
141,Isabella Alves Adichie,3.492841359934177,Isabella_Alves_Adichie0@protonmail.com,+1332552477
142,Kwabena Esmeralda Costa Lee,467.83809616292,Kwabena_Esmeralda_Costa_Lee0@outlook.com,+7511790828
143,Fatima Bakker,190.11958515993138,Fatima_Bakker0@gmx.com,+7292331717
144,Lucia Fernandez,5.466513095859538,Lucia_Fernandez0@outlook.com,+44784759313
145,Emeka Esmeralda Abadi Lee,10.13861431401353,Emeka_Esmeralda_Abadi_Lee0@hotmail.com,+62761550154
146,Ingrid Sokolov Nkosi,10.123696169712511,Ingrid_Sokolov_Nkosi0@zoho.com,+84551362930
147,Ebru Lewis,6.860729617155606,Ebru_Lewis0@mail.com,+61826118770
148,Esmeralda Amir Gómez Adichie,13.069178298342042,Esmeralda_Amir_Gómez_Adichie0@zoho.com,+48541182221
149,Tariq Jamal Alves Lee,19.500045987094946,Tariq_Jamal_Alves_Lee0@yahoo.com,+55578166238
150,Ayana Youssef Khan,1.8326272661366971,Ayana_Youssef_Khan0@icloud.com,+86217770923
151,Tariq Aisha Schmidt Cohen,17.652047581556282,Tariq_Aisha_Schmidt_Cohen0@yahoo.com,+81562912671
152,Malik Antonio Fernández,10.660421293750929,Malik_Antonio_Fernández0@gmail.com,+966874263067
153,Abdul Hiroshi Kovács,3.146491514337228,Abdul_Hiroshi_Kovács0@protonmail.com,+52161408360
154,Lucia Rodriguez Sokolov,13.294501016347464,Lucia_Rodriguez_Sokolov0@outlook.com,+1954467461
155,Natalia Singh Ali,692.3762175097072,Natalia_Singh_Ali0@aol.com,+966463223523
156,Katarina Fernandez,0.9185282317537293,Katarina_Fernandez0@outlook.com,+971668925908
157,Ingrid Mei Ling Ali Kovács,30.882032605633075,Ingrid_Mei_Ling_Ali_Kovács0@live.com,+55130156894
158,Kwabena Malik Kowalski Sokolov,10.80032846062732,Kwabena_Malik_Kowalski_Sokolov0@aol.com,+82462580818
159,Sven Esmeralda Gómez Rodriguez,17.064671385127347,Sven_Esmeralda_Gómez_Rodriguez0@yandex.com,+1763354363
160,Fatima Gisele Dubois Cohen,3.720229243796041,Fatima_Gisele_Dubois_Cohen0@yahoo.com,+84825822426
161,Jin Soo Jamal Fernández Chen,31.02350485850263,Jin_Soo_Jamal_Fernández_Chen0@protonmail.com,+62611103782
162,Sven Ayana Kovács,2.371778250379407,Sven_Ayana_Kovács0@yandex.com,+39203046093
163,Yuki Petrov Mueller,330.6286545838776,Yuki_Petrov_Mueller0@gmx.com,+91962824559
164,Hiroshi Bakker López,3.6848723247091044,Hiroshi_Bakker_López0@aol.com,+62898831145
165,Ayana Müller Nguyen,15.002771247536266,Ayana_Müller_Nguyen0@aol.com,+81181976067
166,Aisha Alves,1.6225625071510308,Aisha_Alves0@hotmail.com,+27288693995
167,Yuki Fernandez Dubois,1.2740709406825204,Yuki_Fernandez_Dubois0@aol.com,+48001901864
168,Yasin Nkosi Papadopoulos,12.485224232085088,Yasin_Nkosi_Papadopoulos0@hotmail.com,+1066545879
169,Natalya Ekaterina González,1283.8493715203933,Natalya_Ekaterina_González0@aol.com,+52686611431
170,Juan Chandra Kim,0.7776294524836587,Juan_Chandra_Kim0@zoho.com,+39669303286
171,Leila Antonio Suleiman,16.672523369909392,Leila_Antonio_Suleiman0@hotmail.com,+48180435089
172,Antonio Ingrid Fernández Lee,7.8487117007796385,Antonio_Ingrid_Fernández_Lee0@aol.com,+44974265390
173,Fatima Patel Patel,5.6159080487828135,Fatima_Patel_Patel0@yahoo.com,+1715101437
174,Esmeralda Svetlana Smith Papadakis,3.7854907506163737,Esmeralda_Svetlana_Smith_Papadakis0@aol.com,+358225362809
175,Abdul Yamamoto Lewis,33.40166441040738,Abdul_Yamamoto_Lewis0@outlook.com,+48926798720
176,Lucia Fernández Zhang,6.827356236131578,Lucia_Fernández_Zhang0@live.com,+62757463438
177,Youssef Kwame Lee Costa,12.423862600705426,Youssef_Kwame_Lee_Costa0@yahoo.com,+52253737054
178,Malik Silva Alves,5.510685151014702,Malik_Silva_Alves0@zoho.com,+49728811496
179,Yuki Oliveira Novak,7.079302546934986,Yuki_Oliveira_Novak0@hotmail.com,+1504265052
180,Adjoa Oliveira Müller,656.3557734552583,Adjoa_Oliveira_Müller0@zoho.com,+82091308596
181,Aisha Ivanov Bakker,328.25953884341993,Aisha_Ivanov_Bakker0@outlook.com,+52435803851
182,Jamal Amir Wojciechowski,18.822637999720897,Jamal_Amir_Wojciechowski0@yandex.com,+39136757990
183,María Antonio Mueller Kwiatkowski,9.765510117599803,María_Antonio_Mueller_Kwiatkowski0@gmail.com,+966825540264
184,Ingrid Nguyen Ivanov,21.924968552845982,Ingrid_Nguyen_Ivanov0@mail.com,+966050064944
185,Sven Yasin García Papadakis,7.713877037014019,Sven_Yasin_García_Papadakis0@protonmail.com,+7902313142
186,Antonio Katarina García,140305.7750988727,Antonio_Katarina_García0@aol.com,+86520458608
187,Sven Isabella Ahmed Silva,2.514410627362981,Sven_Isabella_Ahmed_Silva0@aol.com,+7261833658
188,Emeka Juan Alves Andersson,14.965557826673173,Emeka_Juan_Alves_Andersson0@hotmail.com,+82420088744
189,Ahmed Ahmed Oliveira,2.7587758089991734,Ahmed_Ahmed_Oliveira0@me.com,+33144954916
190,Sofia Natalya Chandra Dubois,479.3173723191988,Sofia_Natalya_Chandra_Dubois0@protonmail.com,+358646826607
191,Ebru Leila Papadakis Nkosi,8.562597008797411,Ebru_Leila_Papadakis_Nkosi0@yahoo.com,+86057533081
192,Ahmed Antonio Kowalski González,4.296765490126646,Ahmed_Antonio_Kowalski_González0@aol.com,+84706248842
193,Adjoa Rossi Andersson,4.578810862636274,Adjoa_Rossi_Andersson0@mail.com,+1417164864
194,Isabella Kwiatkowski Chandra,6.562680926364962,Isabella_Kwiatkowski_Chandra0@live.com,+39321042885
195,Natalia Sven Fernandez Müller,8.144936658679434,Natalia_Sven_Fernandez_Müller0@protonmail.com,+91038782690
196,Ayana Svetlana Fernández Ono,18.20052799631266,Ayana_Svetlana_Fernández_Ono0@zoho.com,+61881991046
197,Sven Gisele Papadakis,0.9160353294387527,Sven_Gisele_Papadakis0@gmx.com,+358025818260
198,Kwabena Rossi Lee,5573.8527646598195,Kwabena_Rossi_Lee0@protonmail.com,+44065943253
199,Jin Soo Yasin Mueller Abdi,179.9462687106292,Jin_Soo_Yasin_Mueller_Abdi0@mail.com,+33294453247
200,Emeka Bakker Lee,19.371887346540078,Emeka_Bakker_Lee0@hotmail.com,+86307111625
201,Hiroshi Dubois González,8.395458961347106,Hiroshi_Dubois_González0@live.com,+44998387313
202,Jamal Silva Suleiman,6.495697685400025,Jamal_Silva_Suleiman0@me.com,+49286519367
203,Kwabena Ingrid Smith Rodriguez,21.089082238513463,Kwabena_Ingrid_Smith_Rodriguez0@zoho.com,+971598011794
204,Aisha Leila Oliveira,35229.602601853,Aisha_Leila_Oliveira0@protonmail.com,+48882465727
205,Ahmed Ebru Patel Lewis,5.679983974343541,Ahmed_Ebru_Patel_Lewis0@gmx.com,+7846519843
206,Anwar Mueller Oliveira,1.0036256063983853,Anwar_Mueller_Oliveira0@gmx.com,+48133474474
207,Leila Zhang,4.799199565330568,Leila_Zhang0@gmail.com,+27492014014
208,Svetlana Kwabena Ono Novak,29.63758541882629,Svetlana_Kwabena_Ono_Novak0@hotmail.com,+49878242364
209,Gisele Alves García,61632.334039262336,Gisele_Alves_García0@zoho.com,+44884052775
210,Yasin Jamal Dubois Oliveira,248222.96584196706,Yasin_Jamal_Dubois_Oliveira0@me.com,+61607007517
211,Isabella Papadopoulos Nkosi,253.0640527322953,Isabella_Papadopoulos_Nkosi0@icloud.com,+27261359109
212,Katarina Svetlana Kovács Smith,26.148239307485802,Katarina_Svetlana_Kovács_Smith0@live.com,+61505550420
213,Katarina Jamal Fernandez,4.090931488426676,Katarina_Jamal_Fernandez0@icloud.com,+27851699250
214,Li Wei Mei Ling Abdi Sokolov,0.8482525870980417,Li_Wei_Mei_Ling_Abdi_Sokolov0@protonmail.com,+62200014212
215,Gisele Costa Nguyen,6.453348211253456,Gisele_Costa_Nguyen0@gmx.com,+49726432334
216,Ekaterina Abdi Chandra,29.15778513780542,Ekaterina_Abdi_Chandra0@gmail.com,+48276761566
217,Ekaterina Ivanov Ono,4.015162536207903,Ekaterina_Ivanov_Ono0@yahoo.com,+52907558432
218,Ahmed López Patel,3.090176132900133,Ahmed_López_Patel0@me.com,+84958000736
219,Juan Gisele Patel Nkosi,11053.625021713522,Juan_Gisele_Patel_Nkosi0@yahoo.com,+82722262978
220,Ingrid Tariq Lee Gómez,2.7533356482745894,Ingrid_Tariq_Lee_Gómez0@icloud.com,+86399709873
221,Natalya Anwar Mueller,19.422398915408152,Natalya_Anwar_Mueller0@zoho.com,+81561622929
222,Ebru Ahmed Adichie Ali,205.98223705515142,Ebru_Ahmed_Adichie_Ali0@icloud.com,+33549736690
223,Sofia Juan Ali,10.306012618130847,Sofia_Juan_Ali0@hotmail.com,+358046731794
224,Amir Patel Novak,6.826906390602698,Amir_Patel_Novak0@mail.com,+49263514351
225,Emeka Sofia Patel Nkosi,16.3711602749087,Emeka_Sofia_Patel_Nkosi0@zoho.com,+84952243316
226,Youssef Ekaterina Cohen,1.994107149477255,Youssef_Ekaterina_Cohen0@gmx.com,+39601037417
227,Jin Soo Abadi Brown,22.387843748367757,Jin_Soo_Abadi_Brown0@icloud.com,+27625312739
228,Esmeralda Sven Singh Kovács,18.945609834810107,Esmeralda_Sven_Singh_Kovács0@icloud.com,+7048027057
229,Svetlana Juan Khan Gómez,5.094859501428708,Svetlana_Juan_Khan_Gómez0@outlook.com,+49991642730
230,Juan María Zhang Oliveira,15.874492472898595,Juan_María_Zhang_Oliveira0@yahoo.com,+62469845195
231,Mohammed García Smith,9.134017908150497,Mohammed_García_Smith0@mail.com,+62853737228
232,Sofia Kovács Al-Mansouri,3.4949469122163563,Sofia_Kovács_Al-Mansouri0@gmail.com,+62275196411
233,Fatima Ingrid Rossi Papadakis,380.458465282534,Fatima_Ingrid_Rossi_Papadakis0@mail.com,+86987594653
234,Malik Gómez Pérez,12.358623729903492,Malik_Gómez_Pérez0@icloud.com,+39509892192
235,Fatima Ayana Abdi,169.91076494474902,Fatima_Ayana_Abdi0@live.com,+358757763208
236,Mei Ling Fernandez Nkosi,10.899914211304765,Mei_Ling_Fernandez_Nkosi0@icloud.com,+33997750264
237,Tariq Malik López González,629.8949798150096,Tariq_Malik_López_González0@mail.com,+44241319422
238,Juan Bakker Ivanov,91.76785974436592,Juan_Bakker_Ivanov0@live.com,+55836208184
239,Anwar Anwar Khan Mueller,8.713712700007452,Anwar_Anwar_Khan_Mueller0@icloud.com,+49046146392
240,Abdul Ahmed Ahmed Kim,7.341670050422611,Abdul_Ahmed_Ahmed_Kim0@protonmail.com,+86372064595
241,Anwar Bakker Fernandez,1573.4426192427009,Anwar_Bakker_Fernandez0@protonmail.com,+44060897886
242,Kwame Smith,2.2303412194096666,Kwame_Smith0@me.com,+27775655322
243,Leila Li Wei Khan Yamamoto,10.010720014731604,Leila_Li_Wei_Khan_Yamamoto0@me.com,+358338999414
244,Hiroshi Malik Papadakis Lee,4.025266990509277,Hiroshi_Malik_Papadakis_Lee0@yandex.com,+33652220316
245,Lucia García,2.051583507730104,Lucia_García0@hotmail.com,+44671184601
246,Jin Soo Jin Soo Ali Cohen,21.743521384897754,Jin_Soo_Jin_Soo_Ali_Cohen0@protonmail.com,+62553259790
247,Katarina Tariq Abadi Adichie,2.4374162221076787,Katarina_Tariq_Abadi_Adichie0@aol.com,+971898897457
248,María Nkosi Fernandez,34.23239757460872,María_Nkosi_Fernandez0@me.com,+48797697612
249,Kwame Smith,9.503432499941797,Kwame_Smith0@hotmail.com,+966647425762
250,Svetlana Ebru González Suleiman,9.122759583453188,Svetlana_Ebru_González_Suleiman0@me.com,+48520234828
251,Sofia Papadakis O'Reilly,20.017740751240297,Sofia_Papadakis_O'Reilly0@yahoo.com,+81906926860
252,Lucia Juan Patel,15.706176627818003,Lucia_Juan_Patel0@gmx.com,+55062917326
253,Jamal Jamal Sánchez López,4.57160894131828,Jamal_Jamal_Sánchez_López0@gmx.com,+1749076428
254,Svetlana Lee,1416560.6720551215,Svetlana_Lee0@gmail.com,+358348318992
255,Ayana Andersson Petrov,35.29188423942754,Ayana_Andersson_Petrov0@icloud.com,+44382015393
256,Sofia Fernández Andersson,2.0698858022160955,Sofia_Fernández_Andersson0@icloud.com,+84721104998
257,Svetlana Lee Smith,19.325869839694874,Svetlana_Lee_Smith0@icloud.com,+1194559380
258,Ingrid Santos Abadi,2.6270571954535207,Ingrid_Santos_Abadi0@yahoo.com,+86993161690
259,Tariq Anwar Chen Ali,3.7988710381004367,Tariq_Anwar_Chen_Ali0@gmail.com,+91453896241
260,Emeka Jamal Petrov Rodriguez,50.41022530602783,Emeka_Jamal_Petrov_Rodriguez0@yahoo.com,+39765452288
261,Gisele Yamamoto Chen,8.241055684044944,Gisele_Yamamoto_Chen0@yandex.com,+971607102350
262,Isabella Petrov Nkosi,23.42839421795163,Isabella_Petrov_Nkosi0@gmx.com,+52691095714
263,Kwame Kwabena Lewis Singh,7.722167215384225,Kwame_Kwabena_Lewis_Singh0@protonmail.com,+49944121298
264,Anwar Ahmed Schmidt Chandra,690.7859335841222,Anwar_Ahmed_Schmidt_Chandra0@gmx.com,+61798036840
265,María Sofia Mueller Ahmed,6.359160871626287,María_Sofia_Mueller_Ahmed0@icloud.com,+86163163998
266,Kwame Fernandez Costa,9.248839446202975,Kwame_Fernandez_Costa0@me.com,+971190033554
267,Ekaterina Isabella Petrov,18.06005119965161,Ekaterina_Isabella_Petrov0@icloud.com,+81632321615
268,Mohammed Wojciechowski Abadi,3.310756843894829,Mohammed_Wojciechowski_Abadi0@gmail.com,+61009092498
269,Anwar Kwame Müller Khan,21.06738199553648,Anwar_Kwame_Müller_Khan0@me.com,+27753391661
270,Li Wei Tariq Rahman Kowalski,17.953655964106673,Li_Wei_Tariq_Rahman_Kowalski0@yandex.com,+358666542264
271,Esmeralda Ali Fernandez,13.063008132572481,Esmeralda_Ali_Fernandez0@protonmail.com,+82271625183
272,Abdul Adjoa Lee Adichie,5.124328092321566,Abdul_Adjoa_Lee_Adichie0@yahoo.com,+62935299275
273,Kwabena Mueller García,17.77617159607626,Kwabena_Mueller_García0@aol.com,+61654115999
274,Emeka Sofia Suleiman Suleiman,55.26998332294964,Emeka_Sofia_Suleiman_Suleiman0@icloud.com,+7619792054
275,Ekaterina Ahmed Smith,23.64008948858018,Ekaterina_Ahmed_Smith0@gmail.com,+39107794270
276,Lucia Yasin Rahman Chen,12.67448447787698,Lucia_Yasin_Rahman_Chen0@hotmail.com,+62086470978
277,Antonio Sokolov,29.62805000777121,Antonio_Sokolov0@yandex.com,+358569121048
278,Malik Lee,4.3191984365859355,Malik_Lee0@outlook.com,+49485748118
279,Emeka Schmidt,3.418153628855979,Emeka_Schmidt0@outlook.com,+33619354006
280,Emeka Yuki Pérez,0.4038780193150302,Emeka_Yuki_Pérez0@outlook.com,+84893602893
281,Anwar Emeka Gómez Lewis,12.035725829376545,Anwar_Emeka_Gómez_Lewis0@zoho.com,+81473423279
282,Leila Anwar Nguyen O'Reilly,0.9855497993137092,Leila_Anwar_Nguyen_O'Reilly0@yahoo.com,+1630382782
283,Mei Ling Papadopoulos,15.247449343855903,Mei_Ling_Papadopoulos0@zoho.com,+39231741877
284,Ebru Natalya Petrov Costa,12.237439898608383,Ebru_Natalya_Petrov_Costa0@aol.com,+55187848461
285,María Kwabena Pérez Oliveira,21.046083930543787,María_Kwabena_Pérez_Oliveira0@outlook.com,+971783113385
286,Adjoa Kwame Kim O'Reilly,10.966371283533721,Adjoa_Kwame_Kim_O'Reilly0@yandex.com,+52513352187
287,Fatima Ebru Gómez Costa,5.218593697730292,Fatima_Ebru_Gómez_Costa0@gmx.com,+86296507958
288,Malik Al-Mansouri Alves,20.984925257721784,Malik_Al-Mansouri_Alves0@me.com,+33995470120
289,Kwabena Yasin Ali Ito,11.583601753250488,Kwabena_Yasin_Ali_Ito0@gmx.com,+52427487061
290,Youssef Zhang Ono,2176.2387013875277,Youssef_Zhang_Ono0@aol.com,+52921258548
291,Natalya Sven Adichie Alves,1759.0913904487738,Natalya_Sven_Adichie_Alves0@aol.com,+7178623939
292,Leila Kim,20.2380810825634,Leila_Kim0@zoho.com,+966594033157
293,Sofia Lucia López Bakker,2.280589615424674,Sofia_Lucia_López_Bakker0@me.com,+971356389304
294,Fatima Müller,27.970184158580267,Fatima_Müller0@gmail.com,+82864798550
295,Jamal Nkosi,21.8865083455036,Jamal_Nkosi0@me.com,+44691395912
296,Abdul Smith Ivanov,1.992079319477412,Abdul_Smith_Ivanov0@icloud.com,+62652935269
297,Li Wei Abdul Fernández Ahmed,1.225179773740038,Li_Wei_Abdul_Fernández_Ahmed0@outlook.com,+44227033639
298,Aisha Cohen Schmidt,12.090557983758199,Aisha_Cohen_Schmidt0@hotmail.com,+33476293531
299,Svetlana Ito García,2.3848737437653256,Svetlana_Ito_García0@gmail.com,+82133434458
300,Lucia Cohen,24.994873454514714,Lucia_Cohen0@me.com,+81797206749
301,Natalia Sánchez,15.925381898321906,Natalia_Sánchez0@icloud.com,+966732527430
302,Amir Andersson Kowalski,1487.4316622576696,Amir_Andersson_Kowalski0@aol.com,+33394898280
303,Lucia Abdul O'Reilly Silva,19.685606981141163,Lucia_Abdul_O'Reilly_Silva0@outlook.com,+49942886141
304,Svetlana Natalia Rahman Rahman,3.17606365909883,Svetlana_Natalia_Rahman_Rahman0@mail.com,+52557410381
305,Kwabena Fernandez Chen,3.3299860929815814,Kwabena_Fernandez_Chen0@protonmail.com,+55258827541
306,Ahmed Gómez Kowalski,19.621978108732147,Ahmed_Gómez_Kowalski0@yandex.com,+81727491635
307,Ayana Novak Rossi,4997.6896593996125,Ayana_Novak_Rossi0@aol.com,+49099654137
308,Sofia Andersson Sokolov,25.522090048495194,Sofia_Andersson_Sokolov0@live.com,+82286503419
309,Lucia Fatima Sánchez Lee,1.8747297269686989,Lucia_Fatima_Sánchez_Lee0@aol.com,+52871184923
310,Sven Ahmed Costa,14.0509389380024,Sven_Ahmed_Costa0@protonmail.com,+91313827384
311,Kwame Esmeralda Abdi Rahman,15.055923328033707,Kwame_Esmeralda_Abdi_Rahman0@gmx.com,+33307587577
312,Ekaterina Abdul Ivanov Bakker,0.3619107133385171,Ekaterina_Abdul_Ivanov_Bakker0@zoho.com,+39152689051
313,Natalya Tariq Al-Mansouri Patel,295.6886043429664,Natalya_Tariq_Al-Mansouri_Patel0@yandex.com,+81873346302
314,Yuki Singh,22.136288546889826,Yuki_Singh0@outlook.com,+49563546914
315,Lucia Isabella García,3.439873918832909,Lucia_Isabella_García0@gmail.com,+358619621090
316,Anwar Lucia Abdi,22.574499413423403,Anwar_Lucia_Abdi0@yandex.com,+1317186645
317,Ebru Sven Lewis Sánchez,11.90313742278029,Ebru_Sven_Lewis_Sánchez0@zoho.com,+39613305676
318,Yasin Ivanov García,1596.368514968637,Yasin_Ivanov_García0@icloud.com,+39267582590
319,Kwabena Ingrid Sánchez Patel,0.3222141486679675,Kwabena_Ingrid_Sánchez_Patel0@yandex.com,+52213080057
320,Ahmed Sven Rahman Patel,10.913310193863872,Ahmed_Sven_Rahman_Patel0@gmail.com,+971746818611
321,Lucia Oliveira,4.793972041735529,Lucia_Oliveira0@hotmail.com,+33553409283
322,Ahmed Yasin Kowalski Schmidt,14.92134963344158,Ahmed_Yasin_Kowalski_Schmidt0@mail.com,+7391589210
323,Yuki Jamal Rodriguez Zhang,18.660386406691067,Yuki_Jamal_Rodriguez_Zhang0@icloud.com,+81674810136
324,Jamal Fatima Fernández Lee,12.82587490492303,Jamal_Fatima_Fernández_Lee0@mail.com,+82361055940
325,Esmeralda Anwar Abdi Oliveira,273.60607787342144,Esmeralda_Anwar_Abdi_Oliveira0@gmx.com,+62368843070
326,Fatima Sofia Ito Costa,10.394654232890026,Fatima_Sofia_Ito_Costa0@gmx.com,+971225397601
327,Ingrid Ono,7.022885256259023,Ingrid_Ono0@hotmail.com,+27315735878
328,Tariq Amir Chandra Rossi,61475.313500187105,Tariq_Amir_Chandra_Rossi0@me.com,+62838276244
329,Natalya María Gómez,9.026694136235285,Natalya_María_Gómez0@mail.com,+33178704610
330,Mei Ling Rossi Bakker,13.711700633763336,Mei_Ling_Rossi_Bakker0@yandex.com,+52705745285
331,Mei Ling Svetlana Mueller,26.17421295802148,Mei_Ling_Svetlana_Mueller0@yahoo.com,+966463811418
332,Esmeralda María Khan,3.709409646157903,Esmeralda_María_Khan0@me.com,+82049157373
333,Mohammed Svetlana Wojciechowski,6.478582976881256,Mohammed_Svetlana_Wojciechowski0@yandex.com,+48704968745
334,Adjoa Müller Kowalski,7.920565564061061,Adjoa_Müller_Kowalski0@outlook.com,+39009074526
335,Ahmed Ingrid Abdi Ito,4.536758898830588,Ahmed_Ingrid_Abdi_Ito0@yandex.com,+358371937921
336,Adjoa Bakker Khan,5.795276115197073,Adjoa_Bakker_Khan0@gmx.com,+358989641351
337,Tariq Kwiatkowski Ito,15.415421880598833,Tariq_Kwiatkowski_Ito0@gmx.com,+358976463380
338,Juan Brown Kwiatkowski,22.56173213721148,Juan_Brown_Kwiatkowski0@aol.com,+61220567777
339,Jamal Kwame Andersson Fernandez,7.922942218373651,Jamal_Kwame_Andersson_Fernandez0@me.com,+82002737420
340,Sven Li Wei Andersson O'Reilly,0.8871489653556779,Sven_Li_Wei_Andersson_O'Reilly0@gmail.com,+971883658706
341,María Svetlana Schmidt Santos,9.973373895875866,María_Svetlana_Schmidt_Santos0@hotmail.com,+33168541554
342,Natalya Nkosi Abadi,18.172398438058885,Natalya_Nkosi_Abadi0@protonmail.com,+971538943433
343,Sofia Khan Suleiman,3.04366697631791,Sofia_Khan_Suleiman0@mail.com,+27150390657
344,Aisha Natalia Andersson Kim,10.233334625586807,Aisha_Natalia_Andersson_Kim0@me.com,+91086699826
345,Anwar Rahman Cohen,46581.807609438525,Anwar_Rahman_Cohen0@gmx.com,+1469612502
346,Adjoa Jamal Kwiatkowski,71.2732075703342,Adjoa_Jamal_Kwiatkowski0@aol.com,+971607329625
347,Hiroshi Tariq Kim Silva,11.098556720313738,Hiroshi_Tariq_Kim_Silva0@mail.com,+7858290824
348,Natalya Ayana Zhang Lewis,24.393874747961917,Natalya_Ayana_Zhang_Lewis0@yandex.com,+971467759630
349,Ayana Abadi Pérez,545.6410229637537,Ayana_Abadi_Pérez0@gmail.com,+27092040913
350,Esmeralda Novak Kwiatkowski,17.584739655520444,Esmeralda_Novak_Kwiatkowski0@gmail.com,+49967826113
351,Yuki Antonio Novak O'Reilly,16.522235594217666,Yuki_Antonio_Novak_O'Reilly0@gmail.com,+84579940520
352,Lucia Silva,82.57919379138573,Lucia_Silva0@yahoo.com,+55638544068
353,Yasin Ono García,357.35059558831864,Yasin_Ono_García0@yahoo.com,+91662174800
354,Mei Ling González Adichie,21.127345428003014,Mei_Ling_González_Adichie0@gmx.com,+966401173348
355,Lucia Ono Kowalski,3.852982994239092,Lucia_Ono_Kowalski0@outlook.com,+62440242812
356,Amir Kwiatkowski Suleiman,12.148055617242004,Amir_Kwiatkowski_Suleiman0@gmx.com,+86834862536
357,Mohammed García,6.549618485497668,Mohammed_García0@yandex.com,+55764036947
358,Abdul Patel,9.12374244740919,Abdul_Patel0@yahoo.com,+48220576752
359,Fatima Yasin Santos,28.92909869113825,Fatima_Yasin_Santos0@hotmail.com,+44854871558
360,Lucia Oliveira López,5.896058191486233,Lucia_Oliveira_López0@gmx.com,+82808544123
361,Youssef Nkosi Cohen,8.438846865830428,Youssef_Nkosi_Cohen0@yahoo.com,+971823119945
362,Adjoa García,7.758019950779946,Adjoa_García0@icloud.com,+84987249510
363,Adjoa Cohen Fernandez,22.27787443328834,Adjoa_Cohen_Fernandez0@live.com,+358022916113
364,Gisele García,10.41210428870803,Gisele_García0@hotmail.com,+82763926345
365,Malik Svetlana López Nguyen,6.817120839071379,Malik_Svetlana_López_Nguyen0@hotmail.com,+91953001225
366,Ahmed González Adichie,4.625982058111173,Ahmed_González_Adichie0@outlook.com,+33253300212
367,Gisele García,5.504229989468291,Gisele_García0@protonmail.com,+91151186573
368,Malik Rossi,14.605707908045297,Malik_Rossi0@zoho.com,+86841377157
369,Kwame Ito Abdi,13.545766351979221,Kwame_Ito_Abdi0@gmail.com,+86457240782
370,Aisha María Nguyen Cohen,4.657215865033827,Aisha_María_Nguyen_Cohen0@gmx.com,+91095247095
371,Antonio Kwabena Ivanov Novak,26.56209820668849,Antonio_Kwabena_Ivanov_Novak0@live.com,+48126472063
372,Abdul Yasin Chen Sánchez,1.0336496839871643,Abdul_Yasin_Chen_Sánchez0@yahoo.com,+7205709788
373,Juan Hiroshi Costa Andersson,38.75721894883322,Juan_Hiroshi_Costa_Andersson0@me.com,+91622551882
374,Youssef Gisele Patel Nkosi,2.5922372658013693,Youssef_Gisele_Patel_Nkosi0@protonmail.com,+62243383252
375,Ekaterina García,3.6094922544204096,Ekaterina_García0@live.com,+33686378143
376,Kwabena Ahmed Rodriguez Santos,22.57568228456229,Kwabena_Ahmed_Rodriguez_Santos0@outlook.com,+7173700011
377,Ebru Ahmed Müller Yamamoto,30.495628879200993,Ebru_Ahmed_Müller_Yamamoto0@protonmail.com,+55030778832
378,Youssef Svetlana Sánchez Rodriguez,12.984864684749091,Youssef_Svetlana_Sánchez_Rodriguez0@mail.com,+358692802679
379,Juan Katarina Sokolov,22.009897179578306,Juan_Katarina_Sokolov0@protonmail.com,+27037107678
380,Jin Soo Adichie Sokolov,0.5049826859252562,Jin_Soo_Adichie_Sokolov0@me.com,+27689674701
381,Ahmed Petrov Schmidt,9.328833061502444,Ahmed_Petrov_Schmidt0@me.com,+91432722276
382,Abdul Costa Novak,25814.54122462583,Abdul_Costa_Novak0@live.com,+81036647825
383,Svetlana Natalya Singh Ono,387.02732587406143,Svetlana_Natalya_Singh_Ono0@hotmail.com,+62789566308
384,Li Wei Sokolov Müller,5.7157390082219095,Li_Wei_Sokolov_Müller0@me.com,+39477948307
385,Aisha Bakker González,135966.18204709422,Aisha_Bakker_González0@live.com,+48400355173
386,Leila Adjoa Singh López,12550.227852936996,Leila_Adjoa_Singh_López0@gmail.com,+44459232293
387,Jin Soo Adichie Oliveira,195377.53767102194,Jin_Soo_Adichie_Oliveira0@gmx.com,+44506987113
388,Amir Lee Ito,9.303406561704213,Amir_Lee_Ito0@gmail.com,+39807217165
389,Ayana Chandra,9.345079264527712,Ayana_Chandra0@zoho.com,+55316891477
390,Antonio Smith Costa,1.4596602034883048,Antonio_Smith_Costa0@live.com,+55876594307
391,Juan Esmeralda Kovács,15.766417034555708,Juan_Esmeralda_Kovács0@gmail.com,+82782092186
392,Ahmed Sokolov,1.4804425366322373,Ahmed_Sokolov0@zoho.com,+61910448486
393,Natalya Natalia Alves Müller,7.398544757371877,Natalya_Natalia_Alves_Müller0@yandex.com,+81684079987
394,Mei Ling Brown Ali,17.42818910028118,Mei_Ling_Brown_Ali0@gmail.com,+7467123931
395,Jin Soo Jamal Müller Lee,6.143684320700817,Jin_Soo_Jamal_Müller_Lee0@gmail.com,+33629140272
396,Kwabena Li Wei Kovács Nkosi,17.448390927668733,Kwabena_Li_Wei_Kovács_Nkosi0@me.com,+39295292017
397,Sofia Nkosi,192639872.29494753,Sofia_Nkosi0@me.com,+52987852185
398,Hiroshi Youssef Sánchez Cohen,30.521904971151777,Hiroshi_Youssef_Sánchez_Cohen0@mail.com,+1876896871
399,Ahmed Suleiman Kovács,11.359783649577949,Ahmed_Suleiman_Kovács0@zoho.com,+86414728321
400,Ahmed Aisha Santos Novak,4.783419689531769,Ahmed_Aisha_Santos_Novak0@gmail.com,+966630132698
401,Katarina Silva Novak,15.09415907780344,Katarina_Silva_Novak0@me.com,+82874819557
402,Jin Soo Sven Bakker Al-Mansouri,2.252234342012583,Jin_Soo_Sven_Bakker_Al-Mansouri0@icloud.com,+81575788682
403,Amir Kovács,6.425959189045386,Amir_Kovács0@protonmail.com,+358409522821
404,Amir Aisha Bakker,5.46032538930978,Amir_Aisha_Bakker0@live.com,+62720414406
405,María Malik Ahmed Kowalski,2.918315521472259,María_Malik_Ahmed_Kowalski0@gmail.com,+55863835654
406,Antonio Sven Adichie Brown,23.52999382342226,Antonio_Sven_Adichie_Brown0@yahoo.com,+39994462700
407,Leila Kwabena Kwiatkowski Oliveira,15.506461605708111,Leila_Kwabena_Kwiatkowski_Oliveira0@outlook.com,+62004073877
408,Mohammed Fernandez,9.938216035300485,Mohammed_Fernandez0@outlook.com,+62721883922
409,Ayana Malik Lewis Andersson,25.813910258753154,Ayana_Malik_Lewis_Andersson0@mail.com,+86885625566
410,Sofia Kwiatkowski Patel,27.359763091160435,Sofia_Kwiatkowski_Patel0@mail.com,+48860428881
411,Jamal Ekaterina Alves,8.02125323243828,Jamal_Ekaterina_Alves0@hotmail.com,+91942480072
412,Fatima Bakker Rodriguez,21.687184896931054,Fatima_Bakker_Rodriguez0@mail.com,+91993041869
413,Antonio Mohammed Andersson Al-Mansouri,17.60706344065273,Antonio_Mohammed_Andersson_Al-Mansouri0@outlook.com,+91192629354
414,Aisha Malik Costa Ito,13.79070811780916,Aisha_Malik_Costa_Ito0@gmail.com,+55630779591
415,Natalya Esmeralda Novak Wojciechowski,15.155809786717107,Natalya_Esmeralda_Novak_Wojciechowski0@protonmail.com,+966760549079
416,Ekaterina Ahmed Kowalski,16.446782250183727,Ekaterina_Ahmed_Kowalski0@gmx.com,+1837669516
417,Leila Sven Abdi,8.752317825925346,Leila_Sven_Abdi0@live.com,+48920401440
418,Emeka Andersson,3.014155013634376,Emeka_Andersson0@gmx.com,+81064393092
419,Yasin Rahman Petrov,4.2523372412950255,Yasin_Rahman_Petrov0@me.com,+91862217333
420,Aisha Ono Chandra,2.6042294437837334,Aisha_Ono_Chandra0@gmx.com,+7507531030
421,Hiroshi Natalia Sokolov Kowalski,30.67803753411542,Hiroshi_Natalia_Sokolov_Kowalski0@mail.com,+84444125939
422,Jin Soo Ahmed Dubois Khan,1.2924719563495017,Jin_Soo_Ahmed_Dubois_Khan0@yahoo.com,+62770213519
423,Malik Sánchez Brown,0.7067984300033601,Malik_Sánchez_Brown0@icloud.com,+62988765859
424,Amir Rodriguez Ali,18.217868486979675,Amir_Rodriguez_Ali0@gmx.com,+39998066125
425,Fatima Emeka Andersson,984.9879586407565,Fatima_Emeka_Andersson0@me.com,+81619124086
426,Isabella Santos Chandra,4.680158938676158,Isabella_Santos_Chandra0@protonmail.com,+49132670685
427,Anwar Ekaterina Santos Lee,5.836962893807353,Anwar_Ekaterina_Santos_Lee0@me.com,+49234531190
428,Antonio Natalya Ahmed Khan,6.998843694277738,Antonio_Natalya_Ahmed_Khan0@aol.com,+91719098233
429,Jin Soo Fatima Rossi,15.566635543696732,Jin_Soo_Fatima_Rossi0@me.com,+971677286262
430,Kwame Fernandez Lee,17.94877021971749,Kwame_Fernandez_Lee0@mail.com,+82644274901
431,Lucia Ekaterina Ito,32.76664686710677,Lucia_Ekaterina_Ito0@live.com,+27835069187
432,Juan Rossi Andersson,0.5293417683928965,Juan_Rossi_Andersson0@me.com,+48799709706
433,Emeka Sofia Zhang,10.905832515661189,Emeka_Sofia_Zhang0@protonmail.com,+91818098697
434,Li Wei Wojciechowski Nguyen,1954.9861470290975,Li_Wei_Wojciechowski_Nguyen0@gmx.com,+39511548398
435,Natalia Youssef Andersson Oliveira,9.854295692766236,Natalia_Youssef_Andersson_Oliveira0@gmail.com,+44904462305
436,Gisele Natalia Smith Mueller,10.584585182260398,Gisele_Natalia_Smith_Mueller0@yandex.com,+82515391215
437,Emeka Juan Alves Adichie,23.51593075958148,Emeka_Juan_Alves_Adichie0@aol.com,+48606732472
438,Hiroshi Gisele Khan Ahmed,6.105350973121297,Hiroshi_Gisele_Khan_Ahmed0@mail.com,+61766229413
439,Juan Yamamoto Silva,23779.247639850466,Juan_Yamamoto_Silva0@me.com,+33284420844
440,Sofia Al-Mansouri Kim,17.632505653422985,Sofia_Al-Mansouri_Kim0@icloud.com,+33105825469
441,Mohammed Chandra Lewis,1159.1330852654696,Mohammed_Chandra_Lewis0@protonmail.com,+61042174500
442,Fatima González Lewis,12.062187716076288,Fatima_González_Lewis0@aol.com,+61043442333
443,Mohammed Yuki Rahman,6.271366350698177,Mohammed_Yuki_Rahman0@me.com,+91868107373
444,Kwabena Li Wei Rahman García,2540.27351308056,Kwabena_Li_Wei_Rahman_García0@gmail.com,+86630792024
445,Ayana Novak Patel,8.4361158505941,Ayana_Novak_Patel0@hotmail.com,+7066165454
446,María Abadi,16.319000523762096,María_Abadi0@outlook.com,+966351232182
447,Abdul Patel,8.117092804548001,Abdul_Patel0@icloud.com,+48315267331
448,Kwabena Mei Ling Cohen Ivanov,1.165718822941173,Kwabena_Mei_Ling_Cohen_Ivanov0@me.com,+82965742672
449,Jamal Emeka Suleiman Oliveira,117.88181926464571,Jamal_Emeka_Suleiman_Oliveira0@me.com,+7231228293
450,Mei Ling Emeka Dubois Papadakis,1.6808117739168296,Mei_Ling_Emeka_Dubois_Papadakis0@gmail.com,+55999535696
451,Kwame O'Reilly Rodriguez,20.523811694540147,Kwame_O'Reilly_Rodriguez0@yahoo.com,+91316543007
452,Mohammed Amir Ito Pérez,7.602104865277088,Mohammed_Amir_Ito_Pérez0@zoho.com,+86042816942
453,Tariq Mueller Brown,15.086223032870336,Tariq_Mueller_Brown0@me.com,+49491204121
454,Sven Leila Kim,32.629060363783026,Sven_Leila_Kim0@protonmail.com,+52939432459
455,Li Wei Chandra Andersson,284.8294256575178,Li_Wei_Chandra_Andersson0@gmail.com,+91652621262
456,Tariq López Rossi,7.590549349638557,Tariq_López_Rossi0@aol.com,+358741240609
457,Sofia Sokolov Abadi,11.663260196429896,Sofia_Sokolov_Abadi0@outlook.com,+358584052610
458,Malik Kwabena García,10.724699588862372,Malik_Kwabena_García0@aol.com,+84775041999
459,Ahmed Ahmed Patel Patel,14.511386804455228,Ahmed_Ahmed_Patel_Patel0@aol.com,+61441566466
460,Natalya Gómez,0.7237741186992608,Natalya_Gómez0@gmail.com,+39832197720
461,Katarina Antonio Nguyen,96.96716737549097,Katarina_Antonio_Nguyen0@gmail.com,+48703666163
462,Antonio Suleiman Fernandez,15.53395058788999,Antonio_Suleiman_Fernandez0@gmx.com,+49474033518
463,Jamal Li Wei Kovács Pérez,12.70836959467934,Jamal_Li_Wei_Kovács_Pérez0@hotmail.com,+61646779791
464,Natalya Natalya Petrov Singh,104.85530754714313,Natalya_Natalya_Petrov_Singh0@yandex.com,+971543364183
465,Ahmed Tariq Santos Wojciechowski,244716.4621122153,Ahmed_Tariq_Santos_Wojciechowski0@aol.com,+7775758296
466,Abdul María Patel Suleiman,541639.9827947554,Abdul_María_Patel_Suleiman0@yahoo.com,+52877440538
467,Natalia Lucia Patel Chandra,4021.8571967448615,Natalia_Lucia_Patel_Chandra0@live.com,+84292442016
468,Gisele Chandra Ahmed,1.944928172480278,Gisele_Chandra_Ahmed0@yahoo.com,+91400793421
469,Fatima Sven Lee Khan,16.055642197670515,Fatima_Sven_Lee_Khan0@hotmail.com,+33661680508
470,Fatima Jin Soo Pérez Yamamoto,0.8811347762039734,Fatima_Jin_Soo_Pérez_Yamamoto0@yandex.com,+7748868477
471,Isabella Bakker,21.38350074385977,Isabella_Bakker0@yahoo.com,+84975797425
472,Yasin Yasin Suleiman Khan,9.682014110317859,Yasin_Yasin_Suleiman_Khan0@live.com,+48549749402
473,Jamal Kim Gómez,31.297592370439872,Jamal_Kim_Gómez0@outlook.com,+39066228343
474,Mohammed Novak Sokolov,90158.67798461125,Mohammed_Novak_Sokolov0@zoho.com,+44093668896
475,Jamal Anwar Rahman Novak,5.730625917923575,Jamal_Anwar_Rahman_Novak0@icloud.com,+7263346346
476,Adjoa Abdi Oliveira,373.3623890907571,Adjoa_Abdi_Oliveira0@zoho.com,+48357189350
477,Natalia Oliveira,15.07800538884752,Natalia_Oliveira0@gmail.com,+81082481636
478,Ekaterina Adjoa Patel Costa,7.001995759105064,Ekaterina_Adjoa_Patel_Costa0@yahoo.com,+1249082935
479,Ebru Kwabena Ito Müller,497.2771903875343,Ebru_Kwabena_Ito_Müller0@aol.com,+48989123016
480,Mei Ling Katarina Al-Mansouri,151.75015541723693,Mei_Ling_Katarina_Al-Mansouri0@protonmail.com,+61125194488
481,María García,13.211282161624563,María_García0@aol.com,+91298367102
482,Mohammed Ito Oliveira,2.663287234920247,Mohammed_Ito_Oliveira0@icloud.com,+27076574496
483,Antonio Sven Smith,5.010034169740798,Antonio_Sven_Smith0@yahoo.com,+91992254498
484,Esmeralda Ayana Fernandez Bakker,2.277241329268822,Esmeralda_Ayana_Fernandez_Bakker0@me.com,+82863062151
485,Anwar Amir Nkosi García,6.479099275482135,Anwar_Amir_Nkosi_García0@hotmail.com,+82960493096
486,Ekaterina Fatima Dubois Patel,17.232541362839832,Ekaterina_Fatima_Dubois_Patel0@zoho.com,+966426018658
487,Leila Jamal Yamamoto Singh,299.2553104441512,Leila_Jamal_Yamamoto_Singh0@mail.com,+82529668054
488,Emeka Ito Papadopoulos,13.266693130906503,Emeka_Ito_Papadopoulos0@icloud.com,+62162755988
489,Abdul García Lee,9.034630496583299,Abdul_García_Lee0@mail.com,+48831183631
490,Sofia Schmidt Kowalski,0.7397603123954823,Sofia_Schmidt_Kowalski0@yahoo.com,+91361054099
491,Abdul Fatima Petrov,5.052771138364406,Abdul_Fatima_Petrov0@zoho.com,+48561751856
492,Katarina Lewis Ito,20.73950805243357,Katarina_Lewis_Ito0@yahoo.com,+52389751163
493,Mohammed Pérez Nguyen,358.89943127108535,Mohammed_Pérez_Nguyen0@icloud.com,+86757632426
494,Katarina Zhang Schmidt,1.9554691180346069,Katarina_Zhang_Schmidt0@protonmail.com,+86289280976
495,María Mei Ling García Oliveira,3.7165198308028486,María_Mei_Ling_García_Oliveira0@aol.com,+44212087647
496,Mohammed Petrov Yamamoto,9.772299499848394,Mohammed_Petrov_Yamamoto0@me.com,+61413023160
497,Yuki Yamamoto Abadi,5.7289124196370125,Yuki_Yamamoto_Abadi0@gmx.com,+86594946146
498,Amir Kwabena Khan Silva,12.694941698961838,Amir_Kwabena_Khan_Silva0@gmail.com,+81509295360
499,Ayana Patel Abdi,11.119710694826008,Ayana_Patel_Abdi0@gmx.com,+39033911878
500,Jin Soo Fernández Oliveira,18.554012259267786,Jin_Soo_Fernández_Oliveira0@protonmail.com,+7742296086
501,Svetlana Hiroshi Patel,14159.279782890926,Svetlana_Hiroshi_Patel0@outlook.com,+62301709527
502,Abdul Lee Rahman,20.184485712663612,Abdul_Lee_Rahman0@hotmail.com,+48743023840
503,Yuki Dubois Patel,23.629339107326096,Yuki_Dubois_Patel0@icloud.com,+82297047834
504,Natalia Ono Chen,6.435359549060109,Natalia_Ono_Chen0@zoho.com,+1040817299
505,Fatima Malik Sánchez Pérez,5.232443989256325,Fatima_Malik_Sánchez_Pérez0@zoho.com,+33460847577
506,Kwame Yuki Rossi Brown,13.850035401050167,Kwame_Yuki_Rossi_Brown0@me.com,+27171373526
507,Ayana Sven Sánchez Nguyen,23.378745112526545,Ayana_Sven_Sánchez_Nguyen0@mail.com,+81973215027
508,Emeka Fernandez,12.798071611457004,Emeka_Fernandez0@zoho.com,+966812486002
509,Lucia Silva Chen,359.46558150750593,Lucia_Silva_Chen0@hotmail.com,+27193133184
510,Gisele Gisele Kowalski Abadi,1160.959237335374,Gisele_Gisele_Kowalski_Abadi0@zoho.com,+62431850886
511,Aisha Wojciechowski Santos,5.380034040355561,Aisha_Wojciechowski_Santos0@protonmail.com,+61866252591
512,Ayana Zhang Lee,9.02039331920404,Ayana_Zhang_Lee0@icloud.com,+33532970651
513,Yuki Patel Ito,433.752583175163,Yuki_Patel_Ito0@gmx.com,+86852028022
514,Fatima Kwame Abdi,15.522407153322355,Fatima_Kwame_Abdi0@hotmail.com,+966588300589
515,Hiroshi García Schmidt,18.21354432968234,Hiroshi_García_Schmidt0@zoho.com,+52937509526
516,María Mohammed Novak Lee,59.617936988873716,María_Mohammed_Novak_Lee0@yandex.com,+61662697166
517,Ekaterina Lee,2.7406037292570176,Ekaterina_Lee0@yandex.com,+966732875627
518,Hiroshi Zhang Costa,2.9699285954849977,Hiroshi_Zhang_Costa0@zoho.com,+7535873353
519,Esmeralda Pérez Kowalski,11.542761801088893,Esmeralda_Pérez_Kowalski0@outlook.com,+39247100835
520,Isabella Mohammed Novak,4.044753326868243,Isabella_Mohammed_Novak0@yandex.com,+48593218209
521,Fatima O'Reilly Mueller,3.0476706685671644,Fatima_O'Reilly_Mueller0@protonmail.com,+49834767153
522,Svetlana Tariq Chandra,23.355398802545707,Svetlana_Tariq_Chandra0@outlook.com,+27824965299
523,Emeka Natalya Rossi Silva,13.946122865313995,Emeka_Natalya_Rossi_Silva0@gmx.com,+91828807954
524,Ayana Lee Papadopoulos,0.48312187193194944,Ayana_Lee_Papadopoulos0@me.com,+81242714122
525,Ahmed Fernández Bakker,26.749302439252098,Ahmed_Fernández_Bakker0@yahoo.com,+39590633968
526,Amir Oliveira,341.03645436060896,Amir_Oliveira0@live.com,+966699922721
527,Lucia Kovács,3.7376363432319124,Lucia_Kovács0@hotmail.com,+7868228762
528,Ingrid Dubois Nguyen,4.335009361728513,Ingrid_Dubois_Nguyen0@gmx.com,+39110969671
529,Antonio Fatima O'Reilly,12.157559282012393,Antonio_Fatima_O'Reilly0@hotmail.com,+48008119101
530,Antonio Singh Suleiman,21.29729899290111,Antonio_Singh_Suleiman0@icloud.com,+82777592662
531,María Lewis,2181.0909170505333,María_Lewis0@icloud.com,+61297083147
532,Esmeralda García Bakker,3.992635723380438,Esmeralda_García_Bakker0@yandex.com,+39795131874
533,Anwar Papadakis Fernandez,4.980619601160807,Anwar_Papadakis_Fernandez0@live.com,+48306926154
534,Leila Yamamoto,4.95159234749293,Leila_Yamamoto0@zoho.com,+7219612142
535,Jamal Gisele Wojciechowski,15.623197657734465,Jamal_Gisele_Wojciechowski0@aol.com,+62611807359
536,Ahmed Sokolov Pérez,12.94034688380792,Ahmed_Sokolov_Pérez0@protonmail.com,+62316746686
537,Li Wei Silva Nguyen,27.291188982468405,Li_Wei_Silva_Nguyen0@protonmail.com,+1205098229
538,Youssef Kwame Müller,3701.150670162169,Youssef_Kwame_Müller0@icloud.com,+971393326991
539,Malik Ali Chandra,22.229731589775966,Malik_Ali_Chandra0@gmail.com,+27959957054
540,Emeka Fatima Kowalski Santos,27.520012550038594,Emeka_Fatima_Kowalski_Santos0@live.com,+358008002354
541,Jamal Sven O'Reilly Smith,7.562211296847849,Jamal_Sven_O'Reilly_Smith0@mail.com,+33649908026
542,Esmeralda Fatima Patel Abadi,3.604879303640061,Esmeralda_Fatima_Patel_Abadi0@icloud.com,+49256849655
543,Natalya Pérez O'Reilly,1590.0156812478965,Natalya_Pérez_O'Reilly0@yandex.com,+7661961888
544,Yasin Antonio Silva García,0.3557556587965376,Yasin_Antonio_Silva_García0@gmail.com,+1490244051
545,Fatima Fatima Andersson,73.98289657189369,Fatima_Fatima_Andersson0@mail.com,+48395778744
546,Svetlana Dubois Ali,3.9242368431575336,Svetlana_Dubois_Ali0@yandex.com,+62311212085
547,Sven Katarina Andersson Lewis,0.1915306429587602,Sven_Katarina_Andersson_Lewis0@protonmail.com,+7322530112
548,Gisele Sánchez,2.805718269461746,Gisele_Sánchez0@outlook.com,+44214914727
549,Emeka Chandra,12.235253355539284,Emeka_Chandra0@protonmail.com,+971374590693
550,Ahmed Lee Gómez,113.73083001676173,Ahmed_Lee_Gómez0@zoho.com,+48342216997
551,Yuki Ekaterina Mueller,13.703571911850746,Yuki_Ekaterina_Mueller0@hotmail.com,+86521911412
552,Jamal María Lewis Fernandez,12.115258141132955,Jamal_María_Lewis_Fernandez0@mail.com,+62597769500
553,Sven Yasin Andersson Santos,0.3942403247957351,Sven_Yasin_Andersson_Santos0@live.com,+27199351931
554,Kwame Zhang,0.5748934164367618,Kwame_Zhang0@outlook.com,+971415708847
555,Aisha Lee,1.2859118885184913,Aisha_Lee0@zoho.com,+44896949252
556,Ingrid Natalia Dubois Rossi,20.01550299384767,Ingrid_Natalia_Dubois_Rossi0@yahoo.com,+55188670010
557,Gisele Yasin Oliveira,5.933752219957324,Gisele_Yasin_Oliveira0@live.com,+7698738371
558,Svetlana Kowalski Ivanov,57.71233224770303,Svetlana_Kowalski_Ivanov0@yahoo.com,+33706110016
559,Isabella Novak Fernandez,13.614541641243214,Isabella_Novak_Fernandez0@me.com,+86689967387
560,María Anwar Gómez García,178.15315460986017,María_Anwar_Gómez_García0@aol.com,+86509153040
561,Juan Adjoa Lee Lewis,2155.081935433568,Juan_Adjoa_Lee_Lewis0@yahoo.com,+61577494894
562,Katarina Ito Kovács,11.137979194808983,Katarina_Ito_Kovács0@yahoo.com,+39546580941
563,María Malik O'Reilly Santos,7.523120447232905,María_Malik_O'Reilly_Santos0@yandex.com,+33747378241
564,Mohammed Abadi López,9.023536572260504,Mohammed_Abadi_López0@aol.com,+91096315446
565,Sven Yasin Fernandez Santos,0.7399639606252464,Sven_Yasin_Fernandez_Santos0@gmx.com,+86278743357
566,Emeka Fatima Dubois Novak,7.9917285762830375,Emeka_Fatima_Dubois_Novak0@gmx.com,+52205865496
567,Amir Ingrid Brown,7.926400168121397,Amir_Ingrid_Brown0@me.com,+966569649248
568,Gisele Ono Schmidt,10.665090335099805,Gisele_Ono_Schmidt0@gmail.com,+82132301611
569,Gisele Brown García,48.35353690403606,Gisele_Brown_García0@gmail.com,+61480211398
570,Malik Schmidt Zhang,7.1227155011317365,Malik_Schmidt_Zhang0@yandex.com,+971682413048
571,Yuki Natalya Schmidt,13.55806923483723,Yuki_Natalya_Schmidt0@hotmail.com,+48955560399
572,Sofia Anwar Lewis,14.35353126081672,Sofia_Anwar_Lewis0@hotmail.com,+52317481497
573,Jamal Sven Chandra,150.9832665507579,Jamal_Sven_Chandra0@yandex.com,+61671095269
574,Sofia Andersson,34054.62427907174,Sofia_Andersson0@zoho.com,+81434439049
575,Esmeralda Gisele Al-Mansouri,20.612474918904123,Esmeralda_Gisele_Al-Mansouri0@hotmail.com,+81251646192
576,Ebru Lewis,4.234251916712655,Ebru_Lewis0@live.com,+84298252261
577,María García Santos,589.7886321110561,María_García_Santos0@protonmail.com,+62810893055
578,Abdul Antonio Sánchez,15.380009674779728,Abdul_Antonio_Sánchez0@zoho.com,+86591508443
579,Aisha Antonio Singh Schmidt,6.488186214774359,Aisha_Antonio_Singh_Schmidt0@hotmail.com,+1120552162
580,Abdul Santos Ono,15.679038090738018,Abdul_Santos_Ono0@zoho.com,+62890550515
581,Kwabena Youssef Adichie Adichie,2.193071536735495,Kwabena_Youssef_Adichie_Adichie0@zoho.com,+33205517657
582,Jin Soo Papadakis Cohen,29.47018958477306,Jin_Soo_Papadakis_Cohen0@gmail.com,+33583735718
583,Fatima Yuki Papadopoulos,39966.98072958152,Fatima_Yuki_Papadopoulos0@gmx.com,+358959144391
584,Jamal Kowalski Ono,12.21806994335731,Jamal_Kowalski_Ono0@me.com,+91332272382
585,Emeka Khan Al-Mansouri,4.5181124038062705,Emeka_Khan_Al-Mansouri0@outlook.com,+33427148624
586,Mei Ling Andersson Müller,14.243929076107719,Mei_Ling_Andersson_Müller0@live.com,+61578752229
587,Adjoa Isabella Pérez Novak,11.388218884603724,Adjoa_Isabella_Pérez_Novak0@gmx.com,+82010939463
588,Abdul García Dubois,2.372338742408175,Abdul_García_Dubois0@me.com,+971591725665
589,Yasin Dubois,0.5728082872996723,Yasin_Dubois0@protonmail.com,+1683025514
590,Hiroshi María Brown,17026.671178307057,Hiroshi_María_Brown0@live.com,+44976251345
591,Gisele Kim Kowalski,18198.684058216837,Gisele_Kim_Kowalski0@mail.com,+61163701413
592,Emeka Schmidt Novak,1.2976631893031083,Emeka_Schmidt_Novak0@gmail.com,+86126685823
593,Ahmed Ahmed Kovács Santos,2912.011198713072,Ahmed_Ahmed_Kovács_Santos0@zoho.com,+7155110656
594,Kwame Papadopoulos,6.402373097386331,Kwame_Papadopoulos0@protonmail.com,+62512140951
595,María Anwar Wojciechowski Papadopoulos,12.529692549463821,María_Anwar_Wojciechowski_Papadopoulos0@mail.com,+55269571419
596,María Schmidt,16.838669448472647,María_Schmidt0@yahoo.com,+39799925372
597,Mohammed Sokolov Papadopoulos,3.2817846681175027,Mohammed_Sokolov_Papadopoulos0@me.com,+33072747037
598,Isabella Suleiman Papadakis,12.890695769445738,Isabella_Suleiman_Papadakis0@live.com,+966382868931
599,Malik Hiroshi Andersson García,21.51645399755976,Malik_Hiroshi_Andersson_García0@me.com,+48795186593
600,Ingrid María Al-Mansouri Papadakis,260.6708819492193,Ingrid_María_Al-Mansouri_Papadakis0@yandex.com,+966994386868
601,Hiroshi Youssef Rahman,1.619516009271809,Hiroshi_Youssef_Rahman0@zoho.com,+61822328323
602,Ayana Wojciechowski Ono,9.607639401010069,Ayana_Wojciechowski_Ono0@protonmail.com,+971259999889
603,Kwame Li Wei Brown Cohen,7.094959146039638,Kwame_Li_Wei_Brown_Cohen0@mail.com,+44450949064
604,Sofia Andersson Papadopoulos,7.305588347483351,Sofia_Andersson_Papadopoulos0@aol.com,+971386556627
605,Juan Ono Abdi,11.315014530364188,Juan_Ono_Abdi0@zoho.com,+82610348719
606,Amir Sokolov Petrov,170.64755892428346,Amir_Sokolov_Petrov0@gmail.com,+7889743250
607,Youssef Costa Ono,70501.43323362459,Youssef_Costa_Ono0@icloud.com,+61919491628
608,Svetlana Oliveira Ito,36.31968560622706,Svetlana_Oliveira_Ito0@me.com,+91563760030
609,Mohammed Ahmed Kwiatkowski,20.1101896842426,Mohammed_Ahmed_Kwiatkowski0@hotmail.com,+44025752732
610,María Ebru Patel Fernandez,21.65473084871344,María_Ebru_Patel_Fernandez0@mail.com,+48268553435
611,Mohammed Papadakis Lee,87300.49775168192,Mohammed_Papadakis_Lee0@hotmail.com,+55266828207
612,Ebru Youssef Ahmed,40.96455367431584,Ebru_Youssef_Ahmed0@outlook.com,+44264533710
613,Lucia Ahmed Brown Abadi,6.156693809853856,Lucia_Ahmed_Brown_Abadi0@mail.com,+49351371499
614,Leila Sánchez,177.14771841632032,Leila_Sánchez0@icloud.com,+44568543109
615,Emeka Ayana Yamamoto Lewis,1.117054954736215,Emeka_Ayana_Yamamoto_Lewis0@live.com,+61526029017
616,Tariq Papadakis O'Reilly,605.6169652653725,Tariq_Papadakis_O'Reilly0@yandex.com,+971629367556
617,Katarina Ayana Khan González,14.390275967733125,Katarina_Ayana_Khan_González0@protonmail.com,+81167086522
618,Abdul Sánchez Andersson,10.848243868680015,Abdul_Sánchez_Andersson0@yandex.com,+27892982350
619,Svetlana Esmeralda Rahman,6.371955588915476,Svetlana_Esmeralda_Rahman0@mail.com,+82160898609
620,Jin Soo Kovács,17.731625677294865,Jin_Soo_Kovács0@icloud.com,+86192922437
621,Jin Soo Abdul Patel,7.88236353249718,Jin_Soo_Abdul_Patel0@hotmail.com,+971010211573
622,Leila Fatima Kwiatkowski Chandra,4.1427796954150935,Leila_Fatima_Kwiatkowski_Chandra0@yandex.com,+966888145461
623,Fatima Anwar Sánchez O'Reilly,12.42216238298084,Fatima_Anwar_Sánchez_O'Reilly0@yandex.com,+91995540045
624,Yuki Amir Rodriguez,1615.4080403621062,Yuki_Amir_Rodriguez0@yandex.com,+971633574846
625,Ekaterina Gómez Ivanov,4.491231582673253,Ekaterina_Gómez_Ivanov0@yahoo.com,+91046239947
626,Yuki Abadi Khan,243.8482052785292,Yuki_Abadi_Khan0@protonmail.com,+86455618589
627,Kwame Ingrid Bakker Zhang,0.5725178398319279,Kwame_Ingrid_Bakker_Zhang0@live.com,+39724360929
628,Kwabena Ingrid Khan,16.77799781857113,Kwabena_Ingrid_Khan0@aol.com,+55581569252
629,Leila Fatima Papadakis Khan,0.2457002504837007,Leila_Fatima_Papadakis_Khan0@zoho.com,+81806112025
630,Tariq Sven Nkosi Sánchez,954.1784195543344,Tariq_Sven_Nkosi_Sánchez0@hotmail.com,+86249559610
631,Ebru Lee Suleiman,46.521514872984184,Ebru_Lee_Suleiman0@aol.com,+971528074975
632,Adjoa Sofia Lewis,10909.997114023954,Adjoa_Sofia_Lewis0@gmx.com,+39194726867
633,Malik Katarina Brown Sánchez,21.163333922057717,Malik_Katarina_Brown_Sánchez0@gmail.com,+82125006293
634,Hiroshi Fernandez,2.9200955276490816,Hiroshi_Fernandez0@me.com,+33406184447
635,Amir Kowalski Adichie,3.4451560771861036,Amir_Kowalski_Adichie0@live.com,+55531894366
636,Youssef Müller Sokolov,15.513119267293092,Youssef_Müller_Sokolov0@yahoo.com,+86269955880
637,Yasin Adjoa Fernandez,25.871231469328315,Yasin_Adjoa_Fernandez0@icloud.com,+91072875350
638,Natalya Lucia Silva Patel,101.75081074295802,Natalya_Lucia_Silva_Patel0@protonmail.com,+82399101134
639,Adjoa Li Wei Pérez Nguyen,2.0948596470453325,Adjoa_Li_Wei_Pérez_Nguyen0@gmx.com,+966823319507
640,Amir Ali Chandra,1446.2562071314107,Amir_Ali_Chandra0@gmail.com,+62002643679
641,Svetlana Malik González Müller,20.087585985214815,Svetlana_Malik_González_Müller0@gmx.com,+966425237686
642,Mei Ling Amir Chandra,907564.5528755158,Mei_Ling_Amir_Chandra0@aol.com,+49893991048
643,Anwar Mohammed Andersson,10.863028168058648,Anwar_Mohammed_Andersson0@yandex.com,+27509155439
644,Svetlana Lewis,1.7343785143251083,Svetlana_Lewis0@outlook.com,+84630659623
645,Aisha Antonio Gómez Papadopoulos,17.067116426162187,Aisha_Antonio_Gómez_Papadopoulos0@icloud.com,+49730843377
646,Kwame Ebru Papadopoulos Fernández,10.10787771079945,Kwame_Ebru_Papadopoulos_Fernández0@gmail.com,+358606825099
647,Svetlana Rossi,15.452499952631548,Svetlana_Rossi0@gmx.com,+82792280561
648,Ingrid Natalia Dubois Abdi,52360.433015617484,Ingrid_Natalia_Dubois_Abdi0@gmail.com,+33503818225
649,Yasin Ingrid Cohen Brown,36.77018873064975,Yasin_Ingrid_Cohen_Brown0@gmail.com,+52622397234
650,Ahmed Tariq Fernandez Chandra,16.29396692527626,Ahmed_Tariq_Fernandez_Chandra0@icloud.com,+27747578645
651,Li Wei Patel Nguyen,25.73088506671977,Li_Wei_Patel_Nguyen0@yandex.com,+82764616076
652,Malik Ebru Andersson,207.49657009138508,Malik_Ebru_Andersson0@hotmail.com,+966401756205
653,Jamal Ingrid Kim Papadopoulos,2889.034081746896,Jamal_Ingrid_Kim_Papadopoulos0@aol.com,+91324004390
654,Yasin González Fernández,16.155639700807644,Yasin_González_Fernández0@protonmail.com,+1273870425
655,Amir Dubois Andersson,9.927538142087407,Amir_Dubois_Andersson0@yandex.com,+1247372970
656,Abdul Emeka Kim,7.9675216326480935,Abdul_Emeka_Kim0@aol.com,+33789620730
657,Sven González Müller,81.56014578218449,Sven_González_Müller0@icloud.com,+33003679878
658,Anwar Lee,8.635021513438886,Anwar_Lee0@aol.com,+84444191805
659,Emeka Smith,12.409102004575821,Emeka_Smith0@live.com,+966901888669
660,Abdul Esmeralda González Sánchez,6.112705389707372,Abdul_Esmeralda_González_Sánchez0@protonmail.com,+81297533638
661,Tariq Hiroshi Abdi Rahman,8.913819087111783,Tariq_Hiroshi_Abdi_Rahman0@zoho.com,+7839689417
662,Ahmed Oliveira,17.214931833768524,Ahmed_Oliveira0@yahoo.com,+84285165830
663,Kwabena González Ivanov,1.9120121129684264,Kwabena_González_Ivanov0@hotmail.com,+966546874638
664,Svetlana Yamamoto,1.7506741894390316,Svetlana_Yamamoto0@live.com,+39993634875
665,Sven Anwar Sokolov Novak,9.041047736010412,Sven_Anwar_Sokolov_Novak0@yahoo.com,+7870115459
666,Aisha González Kwiatkowski,20.61333114649191,Aisha_González_Kwiatkowski0@icloud.com,+86748767073
667,Ahmed Andersson,12.823823890876529,Ahmed_Andersson0@me.com,+27568647682
668,Tariq Andersson,2693.656214892745,Tariq_Andersson0@yahoo.com,+62314628756
669,Natalya Ayana Khan Rossi,22.38528266191605,Natalya_Ayana_Khan_Rossi0@gmx.com,+81764452560
670,Yasin Oliveira Lee,18.694369911252,Yasin_Oliveira_Lee0@yandex.com,+61972837410
671,Ayana Aisha Gómez Müller,30.835050322496304,Ayana_Aisha_Gómez_Müller0@me.com,+7435534841
672,Juan Kwame Adichie Lee,3.905708638111907,Juan_Kwame_Adichie_Lee0@gmail.com,+91782861261
673,Antonio Al-Mansouri Chen,2.4561314161721413,Antonio_Al-Mansouri_Chen0@yandex.com,+33674644733
674,Ahmed Brown Ono,10.582583205060264,Ahmed_Brown_Ono0@icloud.com,+7854988736
675,Yuki Mueller Nguyen,19.388117484684358,Yuki_Mueller_Nguyen0@live.com,+52372413316
676,Ingrid Natalia Abdi Nguyen,13.195425795570891,Ingrid_Natalia_Abdi_Nguyen0@icloud.com,+48738922576
677,Juan Alves Gómez,19.407089801631166,Juan_Alves_Gómez0@gmail.com,+7732745572
678,Abdul Antonio Smith Dubois,8.762234310676824,Abdul_Antonio_Smith_Dubois0@live.com,+358037744668
679,Ahmed Cohen García,15.653977716484537,Ahmed_Cohen_García0@zoho.com,+91651253607
680,Natalia Chandra Abdi,4.552585509309015,Natalia_Chandra_Abdi0@live.com,+55636484992
681,Sven Svetlana Ono,917.5145133157348,Sven_Svetlana_Ono0@mail.com,+1732933137
682,Adjoa Kwabena Patel,10.9970025573022,Adjoa_Kwabena_Patel0@aol.com,+44278889320
683,María Natalia González,51379.872284615776,María_Natalia_González0@me.com,+971393810717
684,Ahmed Schmidt Zhang,15.236538177330623,Ahmed_Schmidt_Zhang0@protonmail.com,+39466377327
685,Lucia Patel Müller,296.95414515867844,Lucia_Patel_Müller0@yandex.com,+358159838833
686,Kwame Petrov Santos,0.8077645347195919,Kwame_Petrov_Santos0@icloud.com,+84444928000
687,Antonio Anwar Fernández Papadakis,23.97884550235281,Antonio_Anwar_Fernández_Papadakis0@hotmail.com,+84412452399
688,Mohammed Ivanov Abadi,0.7490379965949785,Mohammed_Ivanov_Abadi0@icloud.com,+966013734790
689,Ahmed Natalia Ono Andersson,7.021667112795427,Ahmed_Natalia_Ono_Andersson0@hotmail.com,+91217749455
690,Yuki Isabella Chandra Adichie,356768.71250042366,Yuki_Isabella_Chandra_Adichie0@live.com,+62510419471
691,Jamal Ahmed Papadakis Papadakis,2.139828413307029,Jamal_Ahmed_Papadakis_Papadakis0@hotmail.com,+81604066287
692,Ayana Kwiatkowski Smith,3.265818761208317,Ayana_Kwiatkowski_Smith0@gmx.com,+84388687742
693,Tariq Gómez,144.2352306240274,Tariq_Gómez0@outlook.com,+39517937866
694,Ahmed Aisha García Gómez,2.2197641077758448,Ahmed_Aisha_García_Gómez0@me.com,+39378067299
695,Mohammed María Abdi O'Reilly,171.68826553089787,Mohammed_María_Abdi_O'Reilly0@mail.com,+55964714241
696,Youssef Zhang Müller,7.548654622853469,Youssef_Zhang_Müller0@icloud.com,+48436559938
697,Fatima Adjoa Sánchez Abadi,10.302475742104157,Fatima_Adjoa_Sánchez_Abadi0@hotmail.com,+49563072877
698,Svetlana Kwame Kovács Müller,14.52045033892865,Svetlana_Kwame_Kovács_Müller0@aol.com,+39174440417
699,Ahmed Juan Kwiatkowski,24.899948409546944,Ahmed_Juan_Kwiatkowski0@zoho.com,+84554437260
700,Yuki Oliveira O'Reilly,20.521023451379655,Yuki_Oliveira_O'Reilly0@protonmail.com,+86186972552
701,Antonio Tariq Patel Singh,7.251209503740432,Antonio_Tariq_Patel_Singh0@gmx.com,+39054837372
702,Amir Bakker Suleiman,3.351413156480781,Amir_Bakker_Suleiman0@mail.com,+966125132356
703,Gisele Santos Kovács,5.959806620792584,Gisele_Santos_Kovács0@protonmail.com,+33768467598
704,Mohammed Abdul Smith,11.898097651893885,Mohammed_Abdul_Smith0@protonmail.com,+52019096686
705,Lucia Zhang González,0.6010843984051046,Lucia_Zhang_González0@me.com,+39082233618
706,Li Wei O'Reilly Adichie,4.4169205275500225,Li_Wei_O'Reilly_Adichie0@protonmail.com,+55921687133
707,Hiroshi María Suleiman Ali,4.459708976177179,Hiroshi_María_Suleiman_Ali0@outlook.com,+91219004771
708,Ebru Emeka Chen,1.0179449459021583,Ebru_Emeka_Chen0@protonmail.com,+62783962191
709,Malik Amir Khan Bakker,14.139752451308752,Malik_Amir_Khan_Bakker0@mail.com,+62596237482
710,Sofia Jamal Papadopoulos Brown,15.202493796089293,Sofia_Jamal_Papadopoulos_Brown0@yandex.com,+84558025220
711,Adjoa Mueller,29.80901211005009,Adjoa_Mueller0@me.com,+971207944638
712,Svetlana Malik Al-Mansouri Novak,506.1594979622057,Svetlana_Malik_Al-Mansouri_Novak0@gmail.com,+91051896980
713,Jamal Al-Mansouri Singh,28.72630936131595,Jamal_Al-Mansouri_Singh0@mail.com,+55642720357
714,Amir Yuki Santos Ito,16.95190727517699,Amir_Yuki_Santos_Ito0@aol.com,+91332619456
715,Youssef Lewis,84.57234193963961,Youssef_Lewis0@gmail.com,+84550902843
716,Abdul Jin Soo Novak Chen,18.42980456043057,Abdul_Jin_Soo_Novak_Chen0@zoho.com,+62583725368
717,Anwar Rahman Dubois,0.48641576567384703,Anwar_Rahman_Dubois0@aol.com,+86272945518
718,Natalia Lewis Kwiatkowski,18.7497403481841,Natalia_Lewis_Kwiatkowski0@live.com,+82257837328
719,Fatima Tariq Kim,8.304851621156438,Fatima_Tariq_Kim0@yandex.com,+81653815034
720,Ebru Silva,26.657650307500262,Ebru_Silva0@zoho.com,+358681565651
721,Adjoa Lucia Lewis López,17.831991987990172,Adjoa_Lucia_Lewis_López0@gmx.com,+55919228593
722,Mei Ling Fernandez Ahmed,0.030722539521878645,Mei_Ling_Fernandez_Ahmed0@live.com,+358272780770
723,Mei Ling Ivanov,449.03008597964475,Mei_Ling_Ivanov0@zoho.com,+27041775118
724,Kwabena Schmidt Cohen,12.786972252737833,Kwabena_Schmidt_Cohen0@icloud.com,+52224279007
725,Leila Ingrid Lee Ivanov,10.417884730467783,Leila_Ingrid_Lee_Ivanov0@gmx.com,+48187887022
726,Sven Isabella Sánchez Schmidt,6.972839475639004,Sven_Isabella_Sánchez_Schmidt0@yandex.com,+33274416741
727,Li Wei Ahmed Gómez,5.856369146999985,Li_Wei_Ahmed_Gómez0@hotmail.com,+7102321530
728,Sven Suleiman Patel,12580.086372710988,Sven_Suleiman_Patel0@mail.com,+84686029235
729,Antonio Al-Mansouri Petrov,16065.312469841747,Antonio_Al-Mansouri_Petrov0@gmx.com,+86539293794
730,Natalya Fatima Rodriguez,30.168247482976422,Natalya_Fatima_Rodriguez0@zoho.com,+61391521305
731,Emeka García Cohen,2.4952829181914638,Emeka_García_Cohen0@protonmail.com,+82027301891
732,Aisha Esmeralda Al-Mansouri,30.88239180240496,Aisha_Esmeralda_Al-Mansouri0@gmail.com,+81878733370
733,Fatima Mei Ling Papadopoulos Lee,0.5415825485166934,Fatima_Mei_Ling_Papadopoulos_Lee0@yandex.com,+49125649587
734,Katarina Fernandez,27.03679432561185,Katarina_Fernandez0@mail.com,+86573034316
735,Antonio Sofia Fernandez Smith,6.953760842090173,Antonio_Sofia_Fernandez_Smith0@me.com,+81842724594
736,Anwar Novak Lewis,7.721051558752457,Anwar_Novak_Lewis0@hotmail.com,+7180358827
737,Leila García Rahman,510501.5909300159,Leila_García_Rahman0@yandex.com,+81299939917
738,Juan Al-Mansouri Kowalski,461.25343128762563,Juan_Al-Mansouri_Kowalski0@yandex.com,+62114398977
739,Natalya Mei Ling Singh O'Reilly,6.037796057616825,Natalya_Mei_Ling_Singh_O'Reilly0@outlook.com,+33777262396
740,Amir García Khan,4.019530862448491,Amir_García_Khan0@yahoo.com,+33797217431
741,Ingrid Juan Suleiman,20.973156400745335,Ingrid_Juan_Suleiman0@gmx.com,+82374750210
742,Malik Dubois Abdi,20.09253002638131,Malik_Dubois_Abdi0@outlook.com,+44239159538
743,Kwabena Yuki Ahmed Wojciechowski,15.88020069047586,Kwabena_Yuki_Ahmed_Wojciechowski0@gmx.com,+55525694330
744,Mohammed Malik Schmidt González,0.8217868546832463,Mohammed_Malik_Schmidt_González0@yandex.com,+7613032840
745,Hiroshi Nkosi Adichie,4.373078942869736,Hiroshi_Nkosi_Adichie0@aol.com,+358435641797
746,Yuki Rodriguez,17.0952765207141,Yuki_Rodriguez0@me.com,+52232027279
747,Emeka Anwar Lee Cohen,37.26234394997364,Emeka_Anwar_Lee_Cohen0@hotmail.com,+966705630390
748,Anwar Emeka Dubois Yamamoto,12.498278631079657,Anwar_Emeka_Dubois_Yamamoto0@gmail.com,+1191785675
749,Youssef Emeka Pérez Dubois,868.5542569182926,Youssef_Emeka_Pérez_Dubois0@live.com,+39966952130
750,Natalya Jin Soo Ahmed Chandra,12.989273192502736,Natalya_Jin_Soo_Ahmed_Chandra0@yandex.com,+84466463395
751,Emeka Amir Khan,4.8404657333076955,Emeka_Amir_Khan0@outlook.com,+966179875691
752,Ahmed Ali,13.224926491288599,Ahmed_Ali0@gmail.com,+48427368851
753,Aisha Kwabena Costa Patel,87.8883918282825,Aisha_Kwabena_Costa_Patel0@me.com,+55626320951
754,Ingrid Kim O'Reilly,17.30339804207802,Ingrid_Kim_O'Reilly0@outlook.com,+82942622900
755,Juan Gisele Patel,0.8763322017538329,Juan_Gisele_Patel0@hotmail.com,+49735774264
756,Sofia Ingrid O'Reilly García,13.99731203335569,Sofia_Ingrid_O'Reilly_García0@icloud.com,+966490001273
757,Kwame Amir Ito,8.735583510052873,Kwame_Amir_Ito0@gmx.com,+1749015883
758,Yasin Petrov,18.020475321712787,Yasin_Petrov0@mail.com,+358091217787
759,Natalia Chandra,4.472472753091708,Natalia_Chandra0@gmx.com,+33467022034
760,Aisha Abdul Ahmed,6.265900640697872,Aisha_Abdul_Ahmed0@gmail.com,+27897487735
761,Juan Jin Soo Alves Suleiman,7.453480546518165,Juan_Jin_Soo_Alves_Suleiman0@yandex.com,+966140314831
762,Yuki Silva Lee,6.455528081714359,Yuki_Silva_Lee0@zoho.com,+358871522217
763,Kwame Fatima Khan Sokolov,18.38321222922676,Kwame_Fatima_Khan_Sokolov0@outlook.com,+1871854407
764,Yasin Cohen Rahman,0.155696770338011,Yasin_Cohen_Rahman0@hotmail.com,+61351186540
765,Ebru Andersson Yamamoto,4.874013731236735,Ebru_Andersson_Yamamoto0@gmail.com,+1402381428
766,María Yamamoto,10560.072094381863,María_Yamamoto0@mail.com,+33983912578
767,Aisha Chandra,5850.718510300958,Aisha_Chandra0@gmail.com,+82943549248
768,Svetlana Lee Gómez,4.1609000738765545,Svetlana_Lee_Gómez0@me.com,+971658802740
769,Fatima Oliveira Novak,4.602162673600667,Fatima_Oliveira_Novak0@live.com,+27844778091
770,Katarina Wojciechowski Fernández,28.683337841653092,Katarina_Wojciechowski_Fernández0@aol.com,+966345805374
771,Esmeralda Suleiman Patel,7.362994900752064,Esmeralda_Suleiman_Patel0@gmail.com,+91192481820
772,Adjoa Kovács,1.1722890183896375,Adjoa_Kovács0@me.com,+7859708383
773,Sven Schmidt Al-Mansouri,32.24708304116075,Sven_Schmidt_Al-Mansouri0@me.com,+82964943494
774,Tariq Brown Gómez,1.4510359378967834,Tariq_Brown_Gómez0@gmail.com,+33149376078
775,Leila Ekaterina Ali Pérez,8.448809688997763,Leila_Ekaterina_Ali_Pérez0@gmail.com,+91320417746
776,Hiroshi Sofia Bakker Chandra,8.510524612128437,Hiroshi_Sofia_Bakker_Chandra0@protonmail.com,+55477167780
777,Gisele Amir Fernandez Ali,8.57276410566339,Gisele_Amir_Fernandez_Ali0@me.com,+39002228378
778,Lucia Ito Fernandez,6807.473296765588,Lucia_Ito_Fernandez0@yahoo.com,+86238219355
779,Tariq Chen Lewis,22.28988250831476,Tariq_Chen_Lewis0@gmail.com,+966315685621
780,Anwar Juan Costa Ahmed,165.58349295676234,Anwar_Juan_Costa_Ahmed0@gmail.com,+44300678959
781,Malik Youssef García García,403.52848120309153,Malik_Youssef_García_García0@gmail.com,+91100177426
782,Anwar Isabella Patel Yamamoto,12.162514632043063,Anwar_Isabella_Patel_Yamamoto0@yandex.com,+7728277707
783,Amir Nkosi Ivanov,3.3656694690115145,Amir_Nkosi_Ivanov0@icloud.com,+33948997102
784,Ebru Nguyen,13.807337907008362,Ebru_Nguyen0@me.com,+61477770868
785,Katarina Amir Costa Chen,1936.494593674619,Katarina_Amir_Costa_Chen0@yandex.com,+971008010894
786,Katarina Isabella Pérez,8.862960085563095,Katarina_Isabella_Pérez0@aol.com,+81947765133
787,Kwame Dubois Sánchez,4.962853100370495,Kwame_Dubois_Sánchez0@me.com,+61213986968
788,Natalia Ono Ali,14603.09420181161,Natalia_Ono_Ali0@hotmail.com,+49170481883
789,Kwame Ebru Patel,0.0164188322081813,Kwame_Ebru_Patel0@protonmail.com,+358994297238
790,Isabella Nkosi Bakker,19.723896135966626,Isabella_Nkosi_Bakker0@live.com,+81795096600
791,Ingrid Hiroshi García Abdi,121481.9824391504,Ingrid_Hiroshi_García_Abdi0@mail.com,+27512439924
792,Isabella Brown,15.653345212647736,Isabella_Brown0@yandex.com,+39821211183
793,Malik Natalia Khan Ivanov,4.602124497718853,Malik_Natalia_Khan_Ivanov0@zoho.com,+55523030849
794,Tariq Adjoa O'Reilly Rossi,12.917291042582768,Tariq_Adjoa_O'Reilly_Rossi0@icloud.com,+62143347868
795,Jin Soo Al-Mansouri Kwiatkowski,39.04245865995871,Jin_Soo_Al-Mansouri_Kwiatkowski0@hotmail.com,+48344397631
796,Ingrid Ingrid González,7.558669824591718,Ingrid_Ingrid_González0@yandex.com,+84014597178
797,Kwame Ahmed Kwiatkowski Sokolov,39.317062446037305,Kwame_Ahmed_Kwiatkowski_Sokolov0@yandex.com,+49061164821
798,Abdul Malik Nkosi Ito,5.800016038996667,Abdul_Malik_Nkosi_Ito0@outlook.com,+358895450134
799,Kwame Gisele Lee Brown,4490.421848198372,Kwame_Gisele_Lee_Brown0@gmx.com,+61721952060
800,Natalia Ebru Novak,4.627355864409063,Natalia_Ebru_Novak0@hotmail.com,+52113656828
801,Svetlana Schmidt,3.843109088198773,Svetlana_Schmidt0@gmx.com,+81479309288
802,Emeka Lucia Sánchez,2.901061939562254,Emeka_Lucia_Sánchez0@hotmail.com,+91112847034
803,Amir Ito Papadopoulos,11.576080441991891,Amir_Ito_Papadopoulos0@live.com,+61033550773
804,Antonio Patel Alves,34.807666971819756,Antonio_Patel_Alves0@me.com,+82626394527
805,Mei Ling Khan Costa,2.4473933238854073,Mei_Ling_Khan_Costa0@yahoo.com,+81990613737
806,Fatima Dubois,88018.8578985575,Fatima_Dubois0@hotmail.com,+358266412867
807,Esmeralda Silva Ahmed,2.3943532099407108,Esmeralda_Silva_Ahmed0@yandex.com,+86445881119
808,Kwame Kwame Abadi Adichie,7.149081299128206,Kwame_Kwame_Abadi_Adichie0@yandex.com,+82255885301
809,Yuki Khan Khan,11.580289363206948,Yuki_Khan_Khan0@aol.com,+84914097473
810,Kwabena Gisele O'Reilly Cohen,2.5269379818375057,Kwabena_Gisele_O'Reilly_Cohen0@mail.com,+86004298551
811,Juan Fernandez Nguyen,6.607300108475293,Juan_Fernandez_Nguyen0@gmail.com,+44687862171
812,Anwar Anwar Patel,1.1506026840241788,Anwar_Anwar_Patel0@hotmail.com,+52064940759
813,Tariq Silva,0.480407077962397,Tariq_Silva0@aol.com,+91267527357
814,Antonio Silva Chandra,359.417722710745,Antonio_Silva_Chandra0@zoho.com,+33599064456
815,Yuki Rahman Ono,0.5691826663675741,Yuki_Rahman_Ono0@protonmail.com,+84734870856
816,Ahmed Fatima Nkosi Andersson,2.221703809498173,Ahmed_Fatima_Nkosi_Andersson0@gmail.com,+62105198340
817,Svetlana Smith Müller,26.28961269975448,Svetlana_Smith_Müller0@gmail.com,+61612389780
818,Anwar Alves,2.9889913854488555,Anwar_Alves0@yandex.com,+39775532164
819,Amir Lee,10.602270959296934,Amir_Lee0@protonmail.com,+971100595580
820,Ahmed Sokolov,2.891486598230962,Ahmed_Sokolov0@mail.com,+86713994154
821,Li Wei Ahmed Schmidt,28.534315791906963,Li_Wei_Ahmed_Schmidt0@yahoo.com,+82155982255
822,Natalya Emeka Nkosi Sánchez,519591.2175258874,Natalya_Emeka_Nkosi_Sánchez0@protonmail.com,+48660599061
823,Ingrid Tariq Smith Kim,1811.830540906308,Ingrid_Tariq_Smith_Kim0@zoho.com,+91234529374
824,Juan Silva Lewis,7.361855301368962,Juan_Silva_Lewis0@icloud.com,+1404142870
825,Li Wei María Rossi,7.812385804983773,Li_Wei_María_Rossi0@live.com,+971152415683
826,Mei Ling Fernández Brown,43649.57598064117,Mei_Ling_Fernández_Brown0@me.com,+7244106512
827,Emeka Rahman Novak,14.180219941026365,Emeka_Rahman_Novak0@hotmail.com,+971358188035
828,Ahmed Svetlana Kwiatkowski Dubois,7.339272495708748,Ahmed_Svetlana_Kwiatkowski_Dubois0@mail.com,+82608127268
829,Natalya Isabella Ivanov,19.712109370487806,Natalya_Isabella_Ivanov0@gmail.com,+86205773685
830,Lucia Isabella Smith Nguyen,11.204045136886386,Lucia_Isabella_Smith_Nguyen0@protonmail.com,+39027596460
831,Juan Ingrid Rossi Yamamoto,15.041527913320193,Juan_Ingrid_Rossi_Yamamoto0@gmail.com,+39486542857
832,Antonio Svetlana Alves,3.090827446048703,Antonio_Svetlana_Alves0@mail.com,+1684709412
833,Esmeralda Ahmed,7.604390172155014,Esmeralda_Ahmed0@gmail.com,+49801880442
834,Gisele Costa Gómez,3.7938646066766495,Gisele_Costa_Gómez0@outlook.com,+62635074295
835,Emeka Papadopoulos Wojciechowski,2.2667261915969625,Emeka_Papadopoulos_Wojciechowski0@hotmail.com,+84429464651
836,Svetlana Fatima Pérez Schmidt,25.618084249839335,Svetlana_Fatima_Pérez_Schmidt0@gmail.com,+971909093226
837,Aisha María Lewis Wojciechowski,20.729491836417363,Aisha_María_Lewis_Wojciechowski0@gmail.com,+971932526182
838,Kwabena Gómez Patel,7.9395862450153025,Kwabena_Gómez_Patel0@me.com,+82729670469
839,Malik Rahman Adichie,1.620498443361889,Malik_Rahman_Adichie0@icloud.com,+966297959825
840,Sven García Cohen,2.770752613700374,Sven_García_Cohen0@live.com,+7863259126
841,Kwabena Ahmed Schmidt Lewis,2.5945864930740896,Kwabena_Ahmed_Schmidt_Lewis0@live.com,+966008058814
842,Sofia Brown Patel,6.569003602106669,Sofia_Brown_Patel0@aol.com,+86203321067
843,Sofia Ingrid Suleiman Gómez,6108.151961380667,Sofia_Ingrid_Suleiman_Gómez0@zoho.com,+48871942263
844,Yasin Alves Mueller,20.100200464502244,Yasin_Alves_Mueller0@gmx.com,+91117025031
845,Fatima Natalya González,13.30912274474781,Fatima_Natalya_González0@protonmail.com,+966378885770
846,Yasin Yasin Mueller Adichie,3.0595311219366863,Yasin_Yasin_Mueller_Adichie0@yahoo.com,+33584670462
847,Ahmed Sánchez Bakker,2.1668940458843693,Ahmed_Sánchez_Bakker0@me.com,+61316128682
848,Lucia Kwame Müller Mueller,10.608570964595206,Lucia_Kwame_Müller_Mueller0@hotmail.com,+44039658622
849,Ingrid Aisha Rossi Ivanov,17.60051596819614,Ingrid_Aisha_Rossi_Ivanov0@zoho.com,+86037690807
850,Hiroshi Hiroshi Chen Nguyen,23.12735320471144,Hiroshi_Hiroshi_Chen_Nguyen0@aol.com,+33143459383
851,Ebru Ono,4.3171357261595285,Ebru_Ono0@yandex.com,+81111164892
852,Sofia Juan Petrov Lee,15.07616019975768,Sofia_Juan_Petrov_Lee0@hotmail.com,+86935624383
853,Ahmed Emeka Kwiatkowski Mueller,398.6918478560003,Ahmed_Emeka_Kwiatkowski_Mueller0@gmail.com,+52640547318
854,Amir Costa,32.71830381896107,Amir_Costa0@outlook.com,+52804215233
855,Natalya Isabella García Ono,3.97195698016035,Natalya_Isabella_García_Ono0@gmx.com,+86575059927
856,Sven Patel Chandra,701.6624205537493,Sven_Patel_Chandra0@gmail.com,+7580668488
857,Li Wei Svetlana Pérez Schmidt,3.7273873602078638,Li_Wei_Svetlana_Pérez_Schmidt0@zoho.com,+55924813056
858,Malik Jamal Müller Pérez,2.947998054124632,Malik_Jamal_Müller_Pérez0@protonmail.com,+7221163190
859,Antonio Chen Ahmed,2.6570081978021136,Antonio_Chen_Ahmed0@gmx.com,+55940944651
860,Natalya Ayana Gómez,15.06738531667839,Natalya_Ayana_Gómez0@me.com,+27284694820
861,Malik Tariq Smith,3.670829965516731,Malik_Tariq_Smith0@aol.com,+27923850360
862,Katarina Ayana Lee Ali,0.2035912981201662,Katarina_Ayana_Lee_Ali0@zoho.com,+86538571068
863,Tariq Adjoa Novak Chen,25.844721232561493,Tariq_Adjoa_Novak_Chen0@yahoo.com,+52432131675
864,Malik Jin Soo Schmidt González,15.335426823025436,Malik_Jin_Soo_Schmidt_González0@outlook.com,+7510307546
865,Esmeralda Ekaterina Pérez Fernandez,17.338052578287645,Esmeralda_Ekaterina_Pérez_Fernandez0@me.com,+52027260812
866,Abdul Kwame Fernandez González,2.286636509414361,Abdul_Kwame_Fernandez_González0@yahoo.com,+44196676090
867,Amir Kwame Ono Rodriguez,27.02190083186303,Amir_Kwame_Ono_Rodriguez0@aol.com,+84366325762
868,Isabella Anwar López Ono,12333.827425693993,Isabella_Anwar_López_Ono0@outlook.com,+91767954339
869,Kwame Sofia Sánchez Sánchez,2.5223467327983187,Kwame_Sofia_Sánchez_Sánchez0@yandex.com,+48324723632
870,Abdul Suleiman Kim,4.273417673513542,Abdul_Suleiman_Kim0@aol.com,+39372128544
871,Svetlana Lucia Ono Cohen,2.851511142756145,Svetlana_Lucia_Ono_Cohen0@mail.com,+44609181907
872,Li Wei Chandra Chandra,80260430.22220144,Li_Wei_Chandra_Chandra0@zoho.com,+52298472927
873,Antonio Ingrid Oliveira Novak,16.687060238410027,Antonio_Ingrid_Oliveira_Novak0@icloud.com,+84309000975
874,Kwame Natalya Wojciechowski Smith,5.837733976291325,Kwame_Natalya_Wojciechowski_Smith0@live.com,+44377891026
875,Katarina Katarina González Novak,2.0800034790687647,Katarina_Katarina_González_Novak0@hotmail.com,+62915950188
876,Ahmed María Ono García,2.1958769850447126,Ahmed_María_Ono_García0@gmx.com,+48903746137
877,Yuki Pérez Kowalski,355.1796830650768,Yuki_Pérez_Kowalski0@zoho.com,+971214525847
878,Yasin Rodriguez Kowalski,23.426225652975617,Yasin_Rodriguez_Kowalski0@yahoo.com,+52773156538
879,Yuki Youssef García Abadi,25.21876925160582,Yuki_Youssef_García_Abadi0@gmx.com,+82449751277
880,Ahmed Adichie Adichie,24.30954143418382,Ahmed_Adichie_Adichie0@outlook.com,+358742924693
881,Sofia Rossi Yamamoto,4.248219010254058,Sofia_Rossi_Yamamoto0@yandex.com,+91351931607
882,Kwame Papadopoulos,5.493082161273058,Kwame_Papadopoulos0@yahoo.com,+61172096341
883,Anwar Mei Ling Wojciechowski Dubois,20.58257883617536,Anwar_Mei_Ling_Wojciechowski_Dubois0@zoho.com,+55295615516
884,Yuki Costa Ono,13.428333988365758,Yuki_Costa_Ono0@yandex.com,+971049836665
885,Abdul Petrov Andersson,621.8848323486781,Abdul_Petrov_Andersson0@live.com,+358934639404
886,Emeka Ayana O'Reilly Singh,16.62116686093571,Emeka_Ayana_O'Reilly_Singh0@live.com,+84652791890
887,Isabella Kwabena Rahman,0.7582664885714081,Isabella_Kwabena_Rahman0@aol.com,+7641404315
888,Ayana Andersson Ivanov,11.131942883403244,Ayana_Andersson_Ivanov0@protonmail.com,+1819634440
889,Youssef Anwar Ahmed Nkosi,24.775003327392177,Youssef_Anwar_Ahmed_Nkosi0@gmx.com,+81603393547
890,Malik Lee Andersson,1177.3802202664697,Malik_Lee_Andersson0@yahoo.com,+82239293449
891,Ahmed Sven Cohen Novak,5.002049912737782,Ahmed_Sven_Cohen_Novak0@mail.com,+62103184520
892,Malik Ali Müller,82.91294480549695,Malik_Ali_Müller0@me.com,+1446922995
893,Katarina Lucia Bakker,1854.2796501858206,Katarina_Lucia_Bakker0@aol.com,+81535689606
894,Katarina Patel,17.251309348184265,Katarina_Patel0@live.com,+61612044957
895,Aisha Mei Ling González,8.158940746434325,Aisha_Mei_Ling_González0@yahoo.com,+7702643659
896,Emeka Alves,9.047662717739954,Emeka_Alves0@live.com,+62951270754
897,Svetlana Juan Fernández Kwiatkowski,34.937639708644305,Svetlana_Juan_Fernández_Kwiatkowski0@yandex.com,+62283442962
898,Ahmed Adichie Smith,24.86689564700952,Ahmed_Adichie_Smith0@aol.com,+44206483745
899,Ahmed Yasin Ono Rahman,26.03991959313551,Ahmed_Yasin_Ono_Rahman0@icloud.com,+48817474141
900,Svetlana Amir Ahmed Abdi,83.2638268240785,Svetlana_Amir_Ahmed_Abdi0@live.com,+358813187342
901,Amir Amir Rossi Lee,10.8989169434169,Amir_Amir_Rossi_Lee0@aol.com,+27197142410
902,Jin Soo Papadakis Pérez,13.933216743566906,Jin_Soo_Papadakis_Pérez0@icloud.com,+1221412891
903,Tariq Svetlana Fernandez Gómez,2.9076856474774893,Tariq_Svetlana_Fernandez_Gómez0@aol.com,+39932507116
904,Katarina Ebru Papadopoulos Rahman,7.620362600400362,Katarina_Ebru_Papadopoulos_Rahman0@zoho.com,+52378396507
905,Mohammed Ebru Pérez,3.3569506166405656,Mohammed_Ebru_Pérez0@hotmail.com,+61642558875
906,Jamal Gisele Alves Sánchez,201596.15734122772,Jamal_Gisele_Alves_Sánchez0@mail.com,+52666331705
907,Svetlana Juan Rossi,5.321974928447226,Svetlana_Juan_Rossi0@zoho.com,+55407017568
908,Gisele Al-Mansouri,0.8324849592005865,Gisele_Al-Mansouri0@mail.com,+39424464471
909,Li Wei Ekaterina Ali Nkosi,20.378607969232032,Li_Wei_Ekaterina_Ali_Nkosi0@icloud.com,+61961455743
910,Yasin Kwame Abadi,190.70830671306487,Yasin_Kwame_Abadi0@zoho.com,+81797776477
911,Sofia Khan Kovács,2165.084554529346,Sofia_Khan_Kovács0@yahoo.com,+358466977545
912,Esmeralda Santos Al-Mansouri,15.69559486908139,Esmeralda_Santos_Al-Mansouri0@outlook.com,+971894032689
913,Li Wei Sofia Pérez Nkosi,8.356793219335731,Li_Wei_Sofia_Pérez_Nkosi0@hotmail.com,+7652285613
914,Fatima Tariq Wojciechowski Adichie,14.128361643056195,Fatima_Tariq_Wojciechowski_Adichie0@icloud.com,+82426272922
915,Anwar Ekaterina Abadi Abadi,36.79305286716993,Anwar_Ekaterina_Abadi_Abadi0@icloud.com,+49830339208
916,Youssef Fernández,1.666323477947362,Youssef_Fernández0@aol.com,+82840938533
917,Yuki Zhang,6.7715707877360245,Yuki_Zhang0@mail.com,+358097475404
918,Yuki Hiroshi Lee Yamamoto,107.5199419247423,Yuki_Hiroshi_Lee_Yamamoto0@outlook.com,+44989522267
919,Youssef Sven Ahmed Ahmed,3.253760157210742,Youssef_Sven_Ahmed_Ahmed0@protonmail.com,+39198735084
920,Sven O'Reilly,178.6072008607561,Sven_O'Reilly0@me.com,+52421976695
921,Mohammed Chen,5.593729434161286,Mohammed_Chen0@aol.com,+358003968063
922,Esmeralda Mei Ling O'Reilly,1186.6747072361418,Esmeralda_Mei_Ling_O'Reilly0@yahoo.com,+7281460937
923,Anwar Jin Soo Petrov Smith,41.59356983449549,Anwar_Jin_Soo_Petrov_Smith0@zoho.com,+62221047421
924,Hiroshi Rodriguez Smith,8.823236416448829,Hiroshi_Rodriguez_Smith0@zoho.com,+91243252656
925,Ayana Gómez Novak,8.401013828285102,Ayana_Gómez_Novak0@live.com,+52859817825
926,Hiroshi Antonio Chandra Smith,258.08854199324077,Hiroshi_Antonio_Chandra_Smith0@yahoo.com,+48190040379
927,Antonio Papadopoulos Ono,659.3700411662738,Antonio_Papadopoulos_Ono0@outlook.com,+39165885072
928,Lucia Brown,12.484813172240068,Lucia_Brown0@protonmail.com,+49592000480
929,Yuki Yasin Rahman Silva,1.2772543309565982,Yuki_Yasin_Rahman_Silva0@protonmail.com,+62745177487
930,Juan Lee Nkosi,9.135249333492283,Juan_Lee_Nkosi0@protonmail.com,+86253307029
931,Aisha Chen Lee,22.309647335549464,Aisha_Chen_Lee0@yandex.com,+33158127661
932,Natalya García Mueller,4.584007304282849,Natalya_García_Mueller0@zoho.com,+27313569731
933,Amir Kim Brown,8.850067294266061,Amir_Kim_Brown0@outlook.com,+91224774067
934,María Sokolov,15.363160904715112,María_Sokolov0@outlook.com,+61922214717
935,Li Wei Kim Pérez,3.3743880627293805,Li_Wei_Kim_Pérez0@gmail.com,+33357378689
936,Ahmed Ivanov Papadakis,2.016215638279398,Ahmed_Ivanov_Papadakis0@protonmail.com,+49920891132
937,Emeka Gómez Alves,9.797561717579448,Emeka_Gómez_Alves0@yandex.com,+49360265797
938,Antonio Ayana García Dubois,6.166073731724545,Antonio_Ayana_García_Dubois0@gmail.com,+55710825026
939,Yasin Adichie,3881434.194286263,Yasin_Adichie0@gmail.com,+27702513384
940,Emeka Amir Rahman Fernández,7.987327444446517,Emeka_Amir_Rahman_Fernández0@protonmail.com,+62121199158
941,Li Wei Sven Brown,7.212338247050383,Li_Wei_Sven_Brown0@protonmail.com,+33708134574
942,Isabella Fernández Khan,196.720577605115,Isabella_Fernández_Khan0@gmx.com,+27212078771
943,Kwabena Leila Wojciechowski,1.834306754047347,Kwabena_Leila_Wojciechowski0@icloud.com,+39813000468
944,Yasin Ahmed Santos Abadi,6.073345919347638,Yasin_Ahmed_Santos_Abadi0@icloud.com,+33199809121
945,Ebru Li Wei Patel Patel,7.522257685817021,Ebru_Li_Wei_Patel_Patel0@gmx.com,+52866112816
946,Jamal Ekaterina Rodriguez,7.095965460251641,Jamal_Ekaterina_Rodriguez0@aol.com,+49836917860
947,Leila Gisele Sánchez,20.474413492351566,Leila_Gisele_Sánchez0@yandex.com,+48026932400
948,María Ali Patel,7.769466476852337,María_Ali_Patel0@protonmail.com,+86652945505
949,Jamal Katarina Pérez Brown,20.663732063873688,Jamal_Katarina_Pérez_Brown0@yahoo.com,+33881815945
950,Sven Fernández,6.184703772533579,Sven_Fernández0@zoho.com,+27648863226
951,Esmeralda Santos Lee,20.919758198368697,Esmeralda_Santos_Lee0@yahoo.com,+48079011738
952,Ebru Yamamoto,1655.426535113759,Ebru_Yamamoto0@hotmail.com,+7854468594
953,Natalya Fernández,0.04810794029703125,Natalya_Fernández0@gmx.com,+49453491197
954,Hiroshi Ito,13.739898356989713,Hiroshi_Ito0@outlook.com,+44936235472
955,Ayana Svetlana Ahmed García,11.118510081451063,Ayana_Svetlana_Ahmed_García0@yandex.com,+44533955148
956,Hiroshi Abdul Patel,16.06111709657535,Hiroshi_Abdul_Patel0@gmx.com,+62569184106
957,Anwar Sven Mueller Papadopoulos,5.185653327771789,Anwar_Sven_Mueller_Papadopoulos0@aol.com,+1938539403
958,Ahmed Fatima Ono Oliveira,23.9175771949972,Ahmed_Fatima_Ono_Oliveira0@zoho.com,+55838839282
959,Antonio Tariq Rahman Suleiman,3.418251925975568,Antonio_Tariq_Rahman_Suleiman0@aol.com,+27819944486
960,Juan Cohen Fernandez,5.0476536575126865,Juan_Cohen_Fernandez0@yahoo.com,+7403341143
961,Youssef Ingrid Pérez Mueller,19.51659696617273,Youssef_Ingrid_Pérez_Mueller0@aol.com,+48322438364
962,Ayana Singh Patel,14.07934114915502,Ayana_Singh_Patel0@gmx.com,+49426357038
963,Tariq Chen,296.11999163230496,Tariq_Chen0@gmail.com,+52839984934
964,Sven Adichie Oliveira,3.8964769845870624,Sven_Adichie_Oliveira0@live.com,+91837269884
965,Ebru Antonio Rahman Ono,0.23546793811123834,Ebru_Antonio_Rahman_Ono0@outlook.com,+39256471085
966,Juan Yasin Papadopoulos Wojciechowski,279.99341674046843,Juan_Yasin_Papadopoulos_Wojciechowski0@gmail.com,+52181449745
967,Ingrid Kwiatkowski Zhang,2.038232566161888,Ingrid_Kwiatkowski_Zhang0@gmx.com,+49092705355
968,Katarina María Abadi Bakker,28.834593998992077,Katarina_María_Abadi_Bakker0@mail.com,+971804308030
969,Fatima Kwame Al-Mansouri Mueller,778.1576055861789,Fatima_Kwame_Al-Mansouri_Mueller0@icloud.com,+33275296846
970,Jin Soo Ali Kovács,11574.830365030046,Jin_Soo_Ali_Kovács0@live.com,+84985448723
971,Ahmed Ito,5464.736966828996,Ahmed_Ito0@mail.com,+39575555406
972,Youssef Antonio Ahmed Singh,13.746006787824772,Youssef_Antonio_Ahmed_Singh0@icloud.com,+86287257693
973,Kwabena María Gómez Pérez,304.0011042771388,Kwabena_María_Gómez_Pérez0@outlook.com,+7126638343
974,Yuki Kovács Lee,380335.74349980586,Yuki_Kovács_Lee0@mail.com,+62006128541
975,Natalia García Fernandez,6.5173321252899115,Natalia_García_Fernandez0@zoho.com,+61989470300
976,Li Wei Gómez Patel,23.822337281121385,Li_Wei_Gómez_Patel0@yandex.com,+966197915585
977,Antonio Dubois Lee,13.954002366389563,Antonio_Dubois_Lee0@aol.com,+48640332795
978,Ahmed García Novak,4.074916311010696,Ahmed_García_Novak0@me.com,+971699546313
979,Hiroshi O'Reilly Rossi,4.2005187093229,Hiroshi_O'Reilly_Rossi0@gmail.com,+7835386069
980,Kwame Ivanov Patel,31.388131654780313,Kwame_Ivanov_Patel0@yahoo.com,+91949118719
981,Mohammed Wojciechowski Ito,12.09875195684615,Mohammed_Wojciechowski_Ito0@outlook.com,+48642899792
982,Youssef López Smith,6.456729821115328,Youssef_López_Smith0@live.com,+7041149125
983,Kwame Jamal Patel Singh,8.151749003465092,Kwame_Jamal_Patel_Singh0@yahoo.com,+86735294908
984,Isabella Singh O'Reilly,15.02559477526409,Isabella_Singh_O'Reilly0@aol.com,+61683867687
985,Hiroshi Adichie Petrov,9.180565497017732,Hiroshi_Adichie_Petrov0@outlook.com,+81493792537
986,Ebru Abdul Suleiman Silva,1.9406406604605664,Ebru_Abdul_Suleiman_Silva0@protonmail.com,+49541792967
987,Fatima Malik Rossi,8.436959558226238,Fatima_Malik_Rossi0@yahoo.com,+55165924706
988,Isabella Juan Oliveira Ito,11.91474236539009,Isabella_Juan_Oliveira_Ito0@icloud.com,+84866853888
989,Natalia Ivanov O'Reilly,9.318100559324861,Natalia_Ivanov_O'Reilly0@yandex.com,+55784591409
990,Mohammed Abdul Abadi O'Reilly,2.2854200535711016,Mohammed_Abdul_Abadi_O'Reilly0@zoho.com,+61732697864
991,Svetlana Emeka Kovács,10.621054577010227,Svetlana_Emeka_Kovács0@protonmail.com,+33696898179
992,Fatima Ivanov Sánchez,0.668466734597061,Fatima_Ivanov_Sánchez0@protonmail.com,+1512524786
993,Abdul Santos García,4.07052484438761,Abdul_Santos_García0@mail.com,+44421424888
994,Tariq Yasin García Pérez,7.55441221693772,Tariq_Yasin_García_Pérez0@live.com,+55563470127
995,Jin Soo O'Reilly Patel,0.9588861275190901,Jin_Soo_O'Reilly_Patel0@zoho.com,+49871745338
996,Svetlana María Sánchez O'Reilly,24.450181691140447,Svetlana_María_Sánchez_O'Reilly0@protonmail.com,+1401207684
997,Kwabena Kowalski Kovács,19.110847390737277,Kwabena_Kowalski_Kovács0@hotmail.com,+7332811937
998,Katarina Rahman López,6.58915051975778,Katarina_Rahman_López0@aol.com,+62818524286
999,Natalia María Ito Dubois,1699.9805738635073,Natalia_María_Ito_Dubois0@gmail.com,+971785334518
1000,Sven Wojciechowski Rahman,205.5311925728202,Sven_Wojciechowski_Rahman0@gmail.com,+49926174057
